schema_version,study_id,config_fingerprint,seed,method,alpha,generation_complete,evaluation_complete,image_path,face_similarity,landmark_rmse,lpips,background_ssim,overall_ssim,yaw_diff,pitch_diff,roll_diff,total_pose_diff,is_disentangled,overall_score,pass_count,total_count,missing_required_metrics,skin_tone_metric,skin_tone_complete,skin_tone_failure,original_ita,edited_ita,skin_tone_change,lightness_change,original_skin_pixels,edited_skin_pixels,original_white_normalized,edited_white_normalized,run,direction,aligned_change,target_change,match_distance,match_complete
1,skin_tone_steering_confirmatory_v1,6e7e5a62a18ebfe6,500000,prompt_only,-2.0,True,True,images/seed_500000/prompt_only/alpha_m2p000.png,0.968238949775695,,0.12612862884998302,0.9646151067404191,0.8716323076300091,3.908599828279799,3.142614441227997,1.8367713473566651,5.341058614761127,False,0.749136192142671,3,4,[],white_reference_bilateral_cheek_median_cielab_ita_v2,True,,58.15377607656887,67.0984651433268,-8.944689066757938,2.262144735623636,10845,12464,True,True,experiments/runs/confirmatory_cuda,-1,8.944689066757938,5.0,3.944689066757938,False
1,skin_tone_steering_confirmatory_v1,6e7e5a62a18ebfe6,500000,prompt_only,0.2,True,True,images/seed_500000/prompt_only/alpha_p0p200.png,0.9644867181777951,,0.067714013159275,0.9674778933950221,0.9148243041724851,1.821349122852033,0.565945024516965,1.3484249860827031,2.335777459686927,True,0.8637292118738601,4,4,[],white_reference_bilateral_cheek_median_cielab_ita_v2,True,,58.15377607656887,57.43944004262968,0.7143360339391901,1.038547322911952,10845,11040,True,True,experiments/runs/confirmatory_cuda,1,0.7143360339391901,5.0,4.28566396606081,False
1,skin_tone_steering_confirmatory_v1,6e7e5a62a18ebfe6,500000,stepwise_masked,-0.75,True,True,images/seed_500000/stepwise_masked/alpha_m0p750.png,0.9481598138809201,,0.066376313567161,0.9732444682855631,0.9130042717683701,2.649113258945294,1.641172230267413,0.8361338790717491,3.226510066907005,True,0.837894700964759,4,4,[],white_reference_bilateral_cheek_median_cielab_ita_v2,True,,58.15377607656887,67.62592583044845,-9.472149753879584,7.618489058919181,10845,6326,True,True,experiments/runs/confirmatory_cuda,-1,9.472149753879584,5.0,4.4721497538795845,False
1,skin_tone_steering_confirmatory_v1,6e7e5a62a18ebfe6,500000,stepwise_masked,0.375,True,True,images/seed_500000/stepwise_masked/alpha_p0p375.png,0.9662100076675411,,0.18115529417991602,0.9304190974812311,0.833432981657759,3.803688109419996,0.9608737183237561,0.251777694262734,3.931248344182372,True,0.720689573491146,4,4,[],white_reference_bilateral_cheek_median_cielab_ita_v2,True,,58.15377607656887,51.989050912641055,6.1647251639278124,-4.247572081028295,10845,11514,True,True,experiments/runs/confirmatory_cuda,1,6.1647251639278124,5.0,1.1647251639278124,True
1,skin_tone_steering_confirmatory_v1,6e7e5a62a18ebfe6,500000,stepwise_unmasked,-0.75,True,True,images/seed_500000/stepwise_unmasked/alpha_m0p750.png,0.969281911849975,,0.101275585591793,0.9599713325315841,0.8831297704059751,2.450794105231245,2.687424634409417,0.830222570916293,3.730671846883034,True,0.8008104325780661,4,4,[],white_reference_bilateral_cheek_median_cielab_ita_v2,True,,58.15377607656887,69.9419816008045,-11.788205524235629,7.80392797309473,10845,7113,True,True,experiments/runs/confirmatory_cuda,-1,11.788205524235629,5.0,6.788205524235629,False
1,skin_tone_steering_confirmatory_v1,6e7e5a62a18ebfe6,500000,stepwise_unmasked,0.5,True,True,images/seed_500000/stepwise_unmasked/alpha_p0p500.png,0.9935340881347651,,0.24593442678451502,0.9043934184290691,0.7724619134964891,3.1014106938327872,0.7408418534801561,1.474029875929135,3.512884714706696,True,0.6809061641363741,4,4,[],white_reference_bilateral_cheek_median_cielab_ita_v2,True,,58.15377607656887,45.271641429888625,12.882134646680242,-9.931330677821052,10845,12305,True,True,experiments/runs/confirmatory_cuda,1,12.882134646680242,5.0,7.882134646680242,False
1,skin_tone_steering_confirmatory_v1,6e7e5a62a18ebfe6,500001,prompt_only,-2.0,True,True,images/seed_500001/prompt_only/alpha_m2p000.png,0.9938025474548341,,0.37483423948287903,0.962613977325641,0.7270256613565831,1.5905878479356441,1.143135184435687,0.12657914357117,1.962842334850807,False,0.6892583912557031,3,4,[],white_reference_bilateral_cheek_median_cielab_ita_v2,True,,59.933629813394965,72.75338481071127,-12.819754997316302,4.009511261684054,14217,16153,True,True,experiments/runs/confirmatory_cuda,-1,12.819754997316302,5.0,7.819754997316302,False
1,skin_tone_steering_confirmatory_v1,6e7e5a62a18ebfe6,500001,prompt_only,0.2,True,True,images/seed_500001/prompt_only/alpha_p0p200.png,0.9820812344551081,,0.184030398726463,0.9714514391580261,0.8331483792415391,0.7826306935393611,0.22487864755594303,0.683977441212112,1.063440806384427,True,0.806198636945175,4,4,[],white_reference_bilateral_cheek_median_cielab_ita_v2,True,,59.933629813394965,58.38147513040535,1.552154682989616,1.176735456397537,14217,13162,True,True,experiments/runs/confirmatory_cuda,1,1.552154682989616,5.0,3.447845317010384,False
1,skin_tone_steering_confirmatory_v1,6e7e5a62a18ebfe6,500001,stepwise_masked,-1.0,True,True,images/seed_500001/stepwise_masked/alpha_m1p000.png,0.988382816314697,,0.20793652534484802,0.9738794432087671,0.807609380681316,0.28616419015257605,1.006605110915723,3.5427341097247282,3.694063990411427,True,0.7234813793725441,4,4,[],white_reference_bilateral_cheek_median_cielab_ita_v2,True,,59.933629813394965,64.63716270587686,-4.703532892481895,5.457189308197712,14217,5158,True,True,experiments/runs/confirmatory_cuda,-1,4.703532892481895,5.0,0.29646710751810534,True
1,skin_tone_steering_confirmatory_v1,6e7e5a62a18ebfe6,500001,stepwise_masked,0.375,True,True,images/seed_500001/stepwise_masked/alpha_p0p375.png,0.9940191507339471,,0.09577874839305801,0.9874676896198741,0.89318702271126,0.21892138725600002,0.10137091465704401,0.698866513997702,0.7393355398760421,True,0.896325091772415,4,4,[],white_reference_bilateral_cheek_median_cielab_ita_v2,True,,59.933629813394965,57.656172689683316,2.277457123711649,-3.335409512628189,14217,14023,True,True,experiments/runs/confirmatory_cuda,1,2.277457123711649,5.0,2.722542876288351,True
1,skin_tone_steering_confirmatory_v1,6e7e5a62a18ebfe6,500001,stepwise_unmasked,-0.75,True,True,images/seed_500001/stepwise_unmasked/alpha_m0p750.png,0.9852988719940181,,0.22115555405616702,0.9703181193206781,0.7938723851449241,1.188904117375954,1.299306887097431,2.787395898880694,3.297160488097179,True,0.7203412995786901,4,4,[],white_reference_bilateral_cheek_median_cielab_ita_v2,True,,59.933629813394965,65.82533016855331,-5.891700355158342,4.490448232538952,14217,11277,True,True,experiments/runs/confirmatory_cuda,-1,5.891700355158342,5.0,0.891700355158342,True
1,skin_tone_steering_confirmatory_v1,6e7e5a62a18ebfe6,500001,stepwise_unmasked,0.5,True,True,images/seed_500001/stepwise_unmasked/alpha_p0p500.png,0.9463940858840941,,0.23261173069477,0.975175531447884,0.7901777677850641,0.43076816518863004,3.057132166528119,0.395886333467504,3.112610525714265,True,0.70203329301334,4,4,[],white_reference_bilateral_cheek_median_cielab_ita_v2,True,,59.933629813394965,55.71231735799676,4.221312455398205,-5.380718761212648,14217,13159,True,True,experiments/runs/confirmatory_cuda,1,4.221312455398205,5.0,0.7786875446017953,True
1,skin_tone_steering_confirmatory_v1,6e7e5a62a18ebfe6,500002,prompt_only,-2.0,True,True,images/seed_500002/prompt_only/alpha_m2p000.png,0.971357226371765,,0.12170904874801601,0.9800511273958211,0.8900741423840811,0.14427260353145402,2.885634486594861,3.178058859149586,4.2950854574239274,True,0.7754703980127551,4,4,[],white_reference_bilateral_cheek_median_cielab_ita_v2,True,,63.92492891775142,69.90964298177369,-5.984714064022263,1.473823050122021,12057,11854,True,True,experiments/runs/confirmatory_cuda,-1,5.984714064022263,5.0,0.9847140640222634,True
1,skin_tone_steering_confirmatory_v1,6e7e5a62a18ebfe6,500002,prompt_only,0.2,True,True,images/seed_500002/prompt_only/alpha_p0p200.png,0.9928925037384031,,0.063642673194408,0.9861531508616841,0.9279600258667431,1.526671392078001,2.986359974444325,0.7668905488225871,3.440522133372477,True,0.8548243622876701,4,4,[],white_reference_bilateral_cheek_median_cielab_ita_v2,True,,63.92492891775142,60.295368971933385,3.629559945818037,-0.9118175209581231,12057,12662,True,True,experiments/runs/confirmatory_cuda,1,3.629559945818037,5.0,1.3704400541819628,True
1,skin_tone_steering_confirmatory_v1,6e7e5a62a18ebfe6,500002,stepwise_masked,-0.75,True,True,images/seed_500002/stepwise_masked/alpha_m0p750.png,0.965045511722564,,0.052828513085842,0.9861503095354911,0.9370404780597881,0.572549879710322,3.500178576733529,0.827321774605259,3.641912238442417,True,0.8483580774139051,4,4,[],white_reference_bilateral_cheek_median_cielab_ita_v2,True,,63.92492891775142,69.64647280291935,-5.721543885167925,4.441063991242771,12057,3887,True,True,experiments/runs/confirmatory_cuda,-1,5.721543885167925,5.0,0.7215438851679252,True
1,skin_tone_steering_confirmatory_v1,6e7e5a62a18ebfe6,500002,stepwise_masked,0.375,True,True,images/seed_500002/stepwise_masked/alpha_p0p375.png,0.9843670129776001,,0.019460950046777,0.993023354013505,0.970347810481434,1.167535777140855,1.017423421658642,0.915407972671178,1.798961357637633,True,0.9312019760567211,4,4,[],white_reference_bilateral_cheek_median_cielab_ita_v2,True,,63.92492891775142,58.383410206248925,5.541518711502498,-4.0223147021957,12057,13993,True,True,experiments/runs/confirmatory_cuda,1,5.541518711502498,5.0,0.5415187115024978,True
1,skin_tone_steering_confirmatory_v1,6e7e5a62a18ebfe6,500002,stepwise_unmasked,-0.75,True,True,images/seed_500002/stepwise_unmasked/alpha_m0p750.png,0.9735592007637021,,0.07955217361450101,0.9831023641942861,0.9255010636194201,0.37419058469745003,0.632338990184873,0.8744806732201291,1.142185466559515,True,0.8910121766588871,4,4,[],white_reference_bilateral_cheek_median_cielab_ita_v2,True,,63.92492891775142,71.4969080899661,-7.571979172214675,4.272049891579343,12057,3950,True,True,experiments/runs/confirmatory_cuda,-1,7.571979172214675,5.0,2.571979172214675,True
1,skin_tone_steering_confirmatory_v1,6e7e5a62a18ebfe6,500002,stepwise_unmasked,0.5,True,True,images/seed_500002/stepwise_unmasked/alpha_p0p500.png,0.982487738132476,,0.062860906124114,0.9745621611749651,0.9272267421233611,1.279796528788455,1.806221814863874,1.132418164952067,2.486501015463805,True,0.8725268282700621,4,4,[],white_reference_bilateral_cheek_median_cielab_ita_v2,True,,63.92492891775142,53.82373040313728,10.10119851461414,-6.830119997065012,12057,14533,True,True,experiments/runs/confirmatory_cuda,1,10.10119851461414,5.0,5.10119851461414,False
1,skin_tone_steering_confirmatory_v1,6e7e5a62a18ebfe6,500003,prompt_only,-2.0,True,True,images/seed_500003/prompt_only/alpha_m2p000.png,0.994392037391662,,0.194791480898857,0.9556553794806241,0.8486218225634361,0.76939700912827,0.194892521475749,0.35734625745699805,0.87043161724585,True,0.802723834378502,4,4,[],white_reference_bilateral_cheek_median_cielab_ita_v2,True,,62.369024767267476,71.97160254860414,-9.602577781336663,2.530897462175119,10143,10897,True,True,experiments/runs/confirmatory_cuda,-1,9.602577781336663,5.0,4.602577781336663,False
1,skin_tone_steering_confirmatory_v1,6e7e5a62a18ebfe6,500003,prompt_only,0.2,True,True,images/seed_500003/prompt_only/alpha_p0p200.png,0.986518859863281,,0.079844057559967,0.9771322934894721,0.8989879106941371,0.7910804418168741,1.622984742065978,1.128749993412192,2.129310753749244,True,0.869458162344061,4,4,[],white_reference_bilateral_cheek_median_cielab_ita_v2,True,,62.369024767267476,57.2131197513781,5.155905015889374,-1.3938542030742411,10143,11328,True,True,experiments/runs/confirmatory_cuda,1,5.155905015889374,5.0,0.155905015889374,True
1,skin_tone_steering_confirmatory_v1,6e7e5a62a18ebfe6,500003,stepwise_masked,-1.0,True,True,images/seed_500003/stepwise_masked/alpha_m1p000.png,0.9874635338783261,,0.176953345537185,0.951889905416551,0.859559155713692,1.621795005649378,1.3587642524738561,0.0073080288885780005,2.115777101075711,True,0.7829157527506291,4,4,[],white_reference_bilateral_cheek_median_cielab_ita_v2,True,,62.369024767267476,68.04045511729433,-5.671430350026853,3.225889494272664,10143,2383,True,True,experiments/runs/confirmatory_cuda,-1,5.671430350026853,5.0,0.6714303500268528,True
1,skin_tone_steering_confirmatory_v1,6e7e5a62a18ebfe6,500003,stepwise_masked,0.5,True,True,images/seed_500003/stepwise_masked/alpha_p0p500.png,0.98725140094757,,0.060305424034595004,0.9799883132669791,0.923491693784474,0.15718301220414002,0.8326425769311631,0.041426949373962005,0.848360979995289,True,0.9187528091433721,4,4,[],white_reference_bilateral_cheek_median_cielab_ita_v2,True,,62.369024767267476,57.19058938376444,5.178435383503036,-4.277200715256143,10143,12398,True,True,experiments/runs/confirmatory_cuda,1,5.178435383503036,5.0,0.1784353835030359,True
1,skin_tone_steering_confirmatory_v1,6e7e5a62a18ebfe6,500003,stepwise_unmasked,-0.75,True,True,images/seed_500003/stepwise_unmasked/alpha_m0p750.png,0.9926617741584771,,0.19708484411239602,0.9467399690904641,0.8435656348956281,0.46227617297674106,0.290364740942865,0.42015264037923306,0.6888680454938241,True,0.802474086351036,4,4,[],white_reference_bilateral_cheek_median_cielab_ita_v2,True,,62.369024767267476,67.53404112158795,-5.165016354320471,3.225889494272664,10143,3342,True,True,experiments/runs/confirmatory_cuda,-1,5.165016354320471,5.0,0.16501635432047124,True
1,skin_tone_steering_confirmatory_v1,6e7e5a62a18ebfe6,500003,stepwise_unmasked,0.5,True,True,images/seed_500003/stepwise_unmasked/alpha_p0p500.png,0.9913064837455751,,0.09393797814846001,0.972641308462265,0.8869812671836651,0.04554506980841801,0.415046696880354,0.48534163504535205,0.64023012790999,True,0.8956128568653561,4,4,[],white_reference_bilateral_cheek_median_cielab_ita_v2,True,,62.369024767267476,56.55538431169571,5.813640455571765,-4.698798885707561,10143,11157,True,True,experiments/runs/confirmatory_cuda,1,5.813640455571765,5.0,0.8136404555717647,True
1,skin_tone_steering_confirmatory_v1,6e7e5a62a18ebfe6,500004,prompt_only,-2.0,True,True,images/seed_500004/prompt_only/alpha_m2p000.png,0.9760634899139401,,0.24728775024414001,0.9247995354190951,0.790491878578328,0.105083131793912,1.184336764151586,1.600952016497502,1.994177372912471,True,0.7162961330462391,4,4,[],white_reference_bilateral_cheek_median_cielab_ita_v2,True,,63.38793434021995,73.36811574521231,-9.980181404992358,1.399053084630168,7487,7477,True,True,experiments/runs/confirmatory_cuda,-1,9.980181404992358,5.0,4.980181404992358,False
1,skin_tone_steering_confirmatory_v1,6e7e5a62a18ebfe6,500004,prompt_only,0.2,True,True,images/seed_500004/prompt_only/alpha_p0p200.png,0.9879738092422481,,0.19464901089668202,0.9191783170177321,0.788639527256725,2.019586857263709,4.125697610578229,3.926984184515417,6.043286906427447,False,0.6880772486397071,3,4,[],white_reference_bilateral_cheek_median_cielab_ita_v2,True,,63.38793434021995,57.39962616818642,5.988308172033527,-2.543177896425661,7487,8188,True,True,experiments/runs/confirmatory_cuda,1,5.988308172033527,5.0,0.9883081720335269,True
1,skin_tone_steering_confirmatory_v1,6e7e5a62a18ebfe6,500004,stepwise_masked,-0.75,True,True,images/seed_500004/stepwise_masked/alpha_m0p750.png,0.9776889085769651,,0.19966584444046,0.9465054242703801,0.824339011745956,0.258365999820767,0.977673190836379,0.45287518461674003,1.10801344341358,True,0.784171156998234,4,4,[],white_reference_bilateral_cheek_median_cielab_ita_v2,True,,63.38793434021995,70.69574195091369,-7.307807610693736,4.393002801852049,7487,1812,True,True,experiments/runs/confirmatory_cuda,-1,7.307807610693736,5.0,2.307807610693736,True
1,skin_tone_steering_confirmatory_v1,6e7e5a62a18ebfe6,500004,stepwise_masked,0.375,True,True,images/seed_500004/stepwise_masked/alpha_p0p375.png,0.992411434650421,,0.08465588837862001,0.9608309673325631,0.8896986773798921,0.375256212281718,1.7956506842036621,2.383761988427321,3.007906218951662,True,0.8416178007044071,4,4,[],white_reference_bilateral_cheek_median_cielab_ita_v2,True,,63.38793434021995,57.72653279897138,5.661401541248573,-4.479582438485494,7487,9895,True,True,experiments/runs/confirmatory_cuda,1,5.661401541248573,5.0,0.6614015412485728,True
1,skin_tone_steering_confirmatory_v1,6e7e5a62a18ebfe6,500004,stepwise_unmasked,-0.75,True,True,images/seed_500004/stepwise_unmasked/alpha_m0p750.png,0.9635872840881341,,0.23976306617259902,0.9408218654008611,0.8035045532235571,1.564941688306048,3.290735321061417,1.305440779106289,3.870679148267524,True,0.6749811640327441,4,4,[],white_reference_bilateral_cheek_median_cielab_ita_v2,True,,63.38793434021995,72.11973319571877,-8.731798855498816,3.941707658227628,7487,3107,True,True,experiments/runs/confirmatory_cuda,-1,8.731798855498816,5.0,3.731798855498816,False
1,skin_tone_steering_confirmatory_v1,6e7e5a62a18ebfe6,500004,stepwise_unmasked,0.5,True,True,images/seed_500004/stepwise_unmasked/alpha_p0p500.png,0.990930199623107,,0.143677428364753,0.945931961922263,0.838893977756978,0.9973452838619401,1.715019899052357,3.022454012801949,3.615414101992995,True,0.7729652724854451,4,4,[],white_reference_bilateral_cheek_median_cielab_ita_v2,True,,63.38793434021995,55.721754451099095,7.666179889120855,-5.773331830026478,7487,10003,True,True,experiments/runs/confirmatory_cuda,1,7.666179889120855,5.0,2.666179889120855,True
1,skin_tone_steering_confirmatory_v1,6e7e5a62a18ebfe6,500005,prompt_only,-2.0,True,True,images/seed_500005/prompt_only/alpha_m2p000.png,0.9736525416374201,,0.297613829374313,0.949327371716543,0.811812069846753,4.550212449331605,3.069732111238665,0.978889917996776,5.575474333218462,False,0.604440021564574,3,4,[],white_reference_bilateral_cheek_median_cielab_ita_v2,True,,60.056346955917476,70.14351093467539,-10.087163978757914,4.380847723314972,11907,9882,True,True,experiments/runs/confirmatory_cuda,-1,10.087163978757914,5.0,5.087163978757914,False
1,skin_tone_steering_confirmatory_v1,6e7e5a62a18ebfe6,500005,prompt_only,0.2,True,True,images/seed_500005/prompt_only/alpha_p0p200.png,0.9713411331176751,,0.328826785087585,0.924613186659725,0.7771659522765101,7.095382233280541,1.7685511896227861,1.285672784040954,7.4246331124367995,False,0.5954062215840591,2,4,[],white_reference_bilateral_cheek_median_cielab_ita_v2,True,,60.056346955917476,52.9823462703148,7.074000685602677,-0.785272535017654,11907,8512,True,True,experiments/runs/confirmatory_cuda,1,7.074000685602677,5.0,2.0740006856026767,True
1,skin_tone_steering_confirmatory_v1,6e7e5a62a18ebfe6,500005,stepwise_masked,-0.75,True,True,images/seed_500005/stepwise_masked/alpha_m0p750.png,0.9472002983093261,,0.255746901035308,0.95013500174299,0.819820413708881,12.235762687289226,3.502445374213654,1.478807972784636,12.812801612425803,False,0.629611444772321,3,4,[],white_reference_bilateral_cheek_median_cielab_ita_v2,True,,60.056346955917476,68.9087667060519,-8.85241975013443,7.833224456341398,11907,2154,True,True,experiments/runs/confirmatory_cuda,-1,8.85241975013443,5.0,3.8524197501344304,False
1,skin_tone_steering_confirmatory_v1,6e7e5a62a18ebfe6,500005,stepwise_masked,0.375,True,True,images/seed_500005/stepwise_masked/alpha_p0p375.png,0.9826271533966061,,0.08561447262763901,0.969761230501562,0.9072202929469001,1.379795158899154,0.894179461021519,1.396394843959097,2.157153251224824,True,0.8606512650121311,4,4,[],white_reference_bilateral_cheek_median_cielab_ita_v2,True,,60.056346955917476,49.65805179534577,10.398295160571706,-7.724632017043532,11907,12587,True,True,experiments/runs/confirmatory_cuda,1,10.398295160571706,5.0,5.398295160571706,False
1,skin_tone_steering_confirmatory_v1,6e7e5a62a18ebfe6,500005,stepwise_unmasked,-0.75,True,True,images/seed_500005/stepwise_unmasked/alpha_m0p750.png,0.9417335391044611,,0.29758548736572205,0.9457642347139411,0.805512532791793,14.02199925143916,3.542574975356121,1.251948231680418,14.516668861628949,False,0.591603229704556,3,4,[],white_reference_bilateral_cheek_median_cielab_ita_v2,True,,60.056346955917476,72.81427310704676,-12.757926151129283,7.877088982628351,11907,6643,True,True,experiments/runs/confirmatory_cuda,-1,12.757926151129283,5.0,7.757926151129283,False
1,skin_tone_steering_confirmatory_v1,6e7e5a62a18ebfe6,500005,stepwise_unmasked,0.5,True,True,images/seed_500005/stepwise_unmasked/alpha_p0p500.png,0.9595675468444821,,0.12729001045227,0.952812296007249,0.8695336104671081,0.9055706999871421,0.10189062450389001,1.50343898420289,1.7580582388698092,True,0.8230144393865221,4,4,[],white_reference_bilateral_cheek_median_cielab_ita_v2,True,,60.056346955917476,44.51673820127793,15.539608754639545,-12.621298224878089,11907,12694,True,True,experiments/runs/confirmatory_cuda,1,15.539608754639545,5.0,10.539608754639545,False
1,skin_tone_steering_confirmatory_v1,6e7e5a62a18ebfe6,500006,prompt_only,-2.0,True,True,images/seed_500006/prompt_only/alpha_m2p000.png,0.9860502481460571,,0.272584170103073,0.923177143551092,0.8342861535375741,0.752051929550086,2.447318505568056,0.52517783270475,2.6135725986473632,True,0.6830703388904661,4,4,[],white_reference_bilateral_cheek_median_cielab_ita_v2,True,,55.84202670772636,63.60687813798379,-7.76485143025743,0.900184061483244,10362,11532,True,True,experiments/runs/confirmatory_cuda,-1,7.76485143025743,5.0,2.76485143025743,True
1,skin_tone_steering_confirmatory_v1,6e7e5a62a18ebfe6,500006,prompt_only,0.2,True,True,images/seed_500006/prompt_only/alpha_p0p200.png,0.9723594188690181,,0.218912690877914,0.9372031046653181,0.839768170585646,2.963501895344541,3.552053476821196,2.115870093797282,5.086878575288972,False,0.6665083158439491,3,4,[],white_reference_bilateral_cheek_median_cielab_ita_v2,True,,55.84202670772636,53.10999395023214,2.732032757494224,-1.593849514942149,10362,9590,True,True,experiments/runs/confirmatory_cuda,1,2.732032757494224,5.0,2.267967242505776,True
1,skin_tone_steering_confirmatory_v1,6e7e5a62a18ebfe6,500006,stepwise_masked,-0.75,True,True,images/seed_500006/stepwise_masked/alpha_m0p750.png,0.991404354572296,,0.037598509341478,0.9848631902707581,0.9539813145646061,0.07534476333560301,0.320663909246228,0.29158165699875305,0.43991139875355606,True,0.950662554445563,4,4,[],white_reference_bilateral_cheek_median_cielab_ita_v2,True,,55.84202670772636,66.22994640362205,-10.38791969589569,6.699937823534128,10362,10144,True,True,experiments/runs/confirmatory_cuda,-1,10.38791969589569,5.0,5.38791969589569,False
1,skin_tone_steering_confirmatory_v1,6e7e5a62a18ebfe6,500006,stepwise_masked,0.375,True,True,images/seed_500006/stepwise_masked/alpha_p0p375.png,0.9934092760086061,,0.024927396327257,0.9861229021844691,0.9671529299207651,0.13599065211883501,1.086120517351066,0.014374284858447,1.094695325531193,True,0.94591899063835,4,4,[],white_reference_bilateral_cheek_median_cielab_ita_v2,True,,55.84202670772636,49.63275824658654,6.209268461139821,-5.270968343457625,10362,10092,True,True,experiments/runs/confirmatory_cuda,1,6.209268461139821,5.0,1.2092684611398212,True
1,skin_tone_steering_confirmatory_v1,6e7e5a62a18ebfe6,500006,stepwise_unmasked,-0.75,True,True,images/seed_500006/stepwise_unmasked/alpha_m0p750.png,0.981480717658996,,0.073804587125778,0.977123303544528,0.9247308647596241,1.086994946785782,0.27570125187665,0.43381584378570204,1.202399842375105,True,0.8957722763440631,4,4,[],white_reference_bilateral_cheek_median_cielab_ita_v2,True,,55.84202670772636,69.42247177484684,-13.580445067120479,7.853836843249695,10362,10222,True,True,experiments/runs/confirmatory_cuda,-1,13.580445067120479,5.0,8.580445067120479,False
1,skin_tone_steering_confirmatory_v1,6e7e5a62a18ebfe6,500006,stepwise_unmasked,0.5,True,True,images/seed_500006/stepwise_unmasked/alpha_p0p500.png,0.919815123081207,,0.19614845514297402,0.9310942351613031,0.839545549112459,0.718297376699161,5.014772393876013,0.49154098829680104,5.089745163260107,False,0.6642471839932991,3,4,[],white_reference_bilateral_cheek_median_cielab_ita_v2,True,,55.84202670772636,44.51790174586689,11.324124961859475,-8.957321110475647,10362,9898,True,True,experiments/runs/confirmatory_cuda,1,11.324124961859475,5.0,6.324124961859475,False
1,skin_tone_steering_confirmatory_v1,6e7e5a62a18ebfe6,500007,prompt_only,-2.0,True,True,images/seed_500007/prompt_only/alpha_m2p000.png,0.9891313314437861,,0.261302202939987,0.9436490822649231,0.8580654774084341,1.5613056407393031,1.7225541743651072,2.578916771056159,3.472129015382601,True,0.6772814586897631,4,4,[],white_reference_bilateral_cheek_median_cielab_ita_v2,True,,58.633919624685866,71.44948811971528,-12.815568495029417,5.91864826696802,9632,10828,True,True,experiments/runs/confirmatory_cuda,-1,12.815568495029417,5.0,7.815568495029417,False
1,skin_tone_steering_confirmatory_v1,6e7e5a62a18ebfe6,500007,prompt_only,0.2,True,True,images/seed_500007/prompt_only/alpha_p0p200.png,0.9751309156417841,,0.299605846405029,0.9193895367000201,0.820069279363109,1.156252400240144,0.586177073514171,1.562633266763291,2.030356102010199,True,0.670091036319561,4,4,[],white_reference_bilateral_cheek_median_cielab_ita_v2,True,,58.633919624685866,52.7008485305999,5.9330710940859674,-3.275039240354459,9632,9398,True,True,experiments/runs/confirmatory_cuda,1,5.9330710940859674,5.0,0.9330710940859674,True
1,skin_tone_steering_confirmatory_v1,6e7e5a62a18ebfe6,500007,stepwise_masked,-0.75,True,True,images/seed_500007/stepwise_masked/alpha_m0p750.png,0.9972297549247741,,0.194941267371177,0.9403935495487741,0.8887642040248971,0.8481238020207651,2.580997801745678,0.252215854583107,2.728456793404153,True,0.7533970695062321,4,4,[],white_reference_bilateral_cheek_median_cielab_ita_v2,True,,58.633919624685866,69.07272367211976,-10.438804047433898,6.141048671447905,9632,7407,True,True,experiments/runs/confirmatory_cuda,-1,10.438804047433898,5.0,5.438804047433898,False
1,skin_tone_steering_confirmatory_v1,6e7e5a62a18ebfe6,500007,stepwise_masked,0.375,True,True,images/seed_500007/stepwise_masked/alpha_p0p375.png,0.9644678235054011,,0.24286326766014102,0.9275686142066351,0.8418775645803611,1.117362421609664,2.599524975739229,0.664423552561054,2.906456182005039,True,0.6935201264326071,4,4,[],white_reference_bilateral_cheek_median_cielab_ita_v2,True,,58.633919624685866,54.86642302819981,3.767496596486054,-1.89295310935887,9632,8370,True,True,experiments/runs/confirmatory_cuda,1,3.767496596486054,5.0,1.2325034035139462,True
1,skin_tone_steering_confirmatory_v1,6e7e5a62a18ebfe6,500007,stepwise_unmasked,-0.75,True,True,images/seed_500007/stepwise_unmasked/alpha_m0p750.png,0.992192268371582,,0.24191834032535503,0.9354507419079401,0.8698522608100561,0.530968424872384,2.9299503456761262,1.473274247033409,3.322209129978269,True,0.6962809409290751,4,4,[],white_reference_bilateral_cheek_median_cielab_ita_v2,True,,58.633919624685866,72.052812414264,-13.41889278957813,7.024083946721646,9632,7826,True,True,experiments/runs/confirmatory_cuda,-1,13.41889278957813,5.0,8.41889278957813,False
1,skin_tone_steering_confirmatory_v1,6e7e5a62a18ebfe6,500007,stepwise_unmasked,0.5,True,True,images/seed_500007/stepwise_unmasked/alpha_p0p500.png,0.9395262002944941,,0.27509519457817,0.9032759495321141,0.8067675855873411,0.8273104681745891,4.032457695466931,0.7880236888033261,4.191197801416313,True,0.619115371976247,4,4,[],white_reference_bilateral_cheek_median_cielab_ita_v2,True,,58.633919624685866,52.383117843876086,6.25080178080978,-2.37827355574376,9632,8471,True,True,experiments/runs/confirmatory_cuda,1,6.25080178080978,5.0,1.2508017808097804,True
1,skin_tone_steering_confirmatory_v1,6e7e5a62a18ebfe6,500008,prompt_only,-2.0,True,True,images/seed_500008/prompt_only/alpha_m2p000.png,0.974425196647644,,0.48501068353652904,0.9906926095660091,0.653972290860057,6.189349021333861,2.426904239828319,4.39892756460312,7.971729374220391,False,0.6130826011343681,2,4,[],white_reference_bilateral_cheek_median_cielab_ita_v2,True,,88.8687568708009,70.80450075782308,18.064256112977816,5.743462175543158,19235,12471,True,True,experiments/runs/confirmatory_cuda,-1,-18.064256112977816,5.0,23.064256112977816,False
1,skin_tone_steering_confirmatory_v1,6e7e5a62a18ebfe6,500008,prompt_only,0.2,True,True,images/seed_500008/prompt_only/alpha_p0p200.png,0.9461350440979001,,0.5650695562362671,0.988456105326693,0.614048172089056,6.672074803720671,6.455460343190733,1.947498024279882,9.48590000914655,False,0.6019146678683861,2,4,[],white_reference_bilateral_cheek_median_cielab_ita_v2,True,,88.8687568708009,60.66443534140245,28.20432152939844,1.578363446427715,19235,13189,True,True,experiments/runs/confirmatory_cuda,1,28.20432152939844,5.0,23.20432152939844,False
1,skin_tone_steering_confirmatory_v1,6e7e5a62a18ebfe6,500008,stepwise_masked,-0.75,True,True,images/seed_500008/stepwise_masked/alpha_m0p750.png,0.993124604225158,,0.08263401687145201,0.997748976509897,0.873481262095645,0.774657744806957,2.364574869993139,0.00703702229325,2.48824405094742,True,0.8657911887120131,4,4,[],white_reference_bilateral_cheek_median_cielab_ita_v2,True,,88.8687568708009,86.77347138163826,2.095285489162634,5.242795800356077,19235,6075,True,True,experiments/runs/confirmatory_cuda,-1,-2.095285489162634,5.0,7.0952854891626345,False
1,skin_tone_steering_confirmatory_v1,6e7e5a62a18ebfe6,500008,stepwise_masked,0.375,True,True,images/seed_500008/stepwise_masked/alpha_p0p375.png,0.9904669523239131,,0.16535980999469702,0.997662266038937,0.805065942721721,0.15415184455855302,0.9310217779928731,2.77147195711226,2.927733107941616,True,0.784847504270413,4,4,[],white_reference_bilateral_cheek_median_cielab_ita_v2,True,,88.8687568708009,89.79599973785616,-0.927242867055269,-3.156609335007928,19235,23500,True,True,experiments/runs/confirmatory_cuda,1,-0.927242867055269,5.0,5.927242867055269,False
1,skin_tone_steering_confirmatory_v1,6e7e5a62a18ebfe6,500008,stepwise_unmasked,-0.75,True,True,images/seed_500008/stepwise_unmasked/alpha_m0p750.png,0.9907294511795041,,0.32198292016983004,0.9865616955366481,0.7099808040690251,1.061722709572293,1.503816479632652,0.8645510629074721,2.033757029935168,False,0.6923200423280971,3,4,[],white_reference_bilateral_cheek_median_cielab_ita_v2,True,,88.8687568708009,86.63831939143411,2.230437479366784,7.839503580544274,19235,1696,True,True,experiments/runs/confirmatory_cuda,-1,-2.230437479366784,5.0,7.230437479366784,False
1,skin_tone_steering_confirmatory_v1,6e7e5a62a18ebfe6,500008,stepwise_unmasked,0.5,True,True,images/seed_500008/stepwise_unmasked/alpha_p0p500.png,0.9563680887222291,,0.361217081546783,0.991718501319205,0.653151158037381,9.956491636424802,7.870734280012181,5.944086894157244,14.014719148739578,False,0.606567658600637,2,4,[],white_reference_bilateral_cheek_median_cielab_ita_v2,True,,88.8687568708009,89.45137967574354,-0.5826228049426441,1.367980348151036,19235,15057,True,True,experiments/runs/confirmatory_cuda,1,-0.5826228049426441,5.0,5.582622804942644,False
1,skin_tone_steering_confirmatory_v1,6e7e5a62a18ebfe6,500009,prompt_only,-2.0,True,True,images/seed_500009/prompt_only/alpha_m2p000.png,0.95497715473175,,0.472940325736999,0.9966800987175151,0.669848000571124,8.104759985382925,1.86984571864272,1.969281966983879,8.547603693297827,False,0.6072864577037851,2,4,[],white_reference_bilateral_cheek_median_cielab_ita_v2,True,,58.32116923313802,73.38182209865857,-15.060652865520552,11.262374437545219,24773,4835,True,True,experiments/runs/confirmatory_cuda,-1,15.060652865520552,5.0,10.060652865520552,False
1,skin_tone_steering_confirmatory_v1,6e7e5a62a18ebfe6,500009,prompt_only,0.2,True,True,images/seed_500009/prompt_only/alpha_p0p200.png,0.9818255901336671,,0.170443966984748,0.9984410196356481,0.8057646379205611,3.643226327712927,0.38546258567776404,0.460696527926826,3.692413948996217,True,0.7584478633301741,4,4,[],white_reference_bilateral_cheek_median_cielab_ita_v2,True,,58.32116923313802,55.30754593350738,3.013623299630644,0.42740384077228505,24773,25325,True,True,experiments/runs/confirmatory_cuda,1,3.013623299630644,5.0,1.9863767003693562,True
1,skin_tone_steering_confirmatory_v1,6e7e5a62a18ebfe6,500009,stepwise_masked,-0.75,True,True,images/seed_500009/stepwise_masked/alpha_m0p750.png,0.972599864006042,,0.136977180838584,0.9973268154664101,0.845193377981013,1.475182027657713,1.526302653275125,0.867139721320444,2.292966005070878,True,0.817584852043275,4,4,[],white_reference_bilateral_cheek_median_cielab_ita_v2,True,,58.32116923313802,60.93543179495275,-2.614262561814726,6.48329717687109,24773,10115,True,True,experiments/runs/confirmatory_cuda,-1,2.614262561814726,5.0,2.385737438185274,True
1,skin_tone_steering_confirmatory_v1,6e7e5a62a18ebfe6,500009,stepwise_masked,0.375,True,True,images/seed_500009/stepwise_masked/alpha_p0p375.png,0.9934506416320801,,0.08423374593257901,0.9993520838591111,0.8830833120748731,0.775042146035941,0.8156860975276511,0.505669914072945,1.233586721649688,True,0.896347555258416,4,4,[],white_reference_bilateral_cheek_median_cielab_ita_v2,True,,58.32116923313802,50.67554831595093,7.645620917187095,-8.64778228199934,24773,25413,True,True,experiments/runs/confirmatory_cuda,1,7.645620917187095,5.0,2.6456209171870952,True
1,skin_tone_steering_confirmatory_v1,6e7e5a62a18ebfe6,500009,stepwise_unmasked,-0.75,True,True,images/seed_500009/stepwise_unmasked/alpha_m0p750.png,0.9705373644828791,,0.21742114424705503,0.996795785927945,0.7921368430112251,2.055483764780185,0.310824921439255,2.456946728006601,3.218417757738263,True,0.7265057273470631,4,4,[],white_reference_bilateral_cheek_median_cielab_ita_v2,True,,58.32116923313802,64.45646416932657,-6.135294936188544,8.38066350933056,24773,11423,True,True,experiments/runs/confirmatory_cuda,-1,6.135294936188544,5.0,1.1352949361885436,True
1,skin_tone_steering_confirmatory_v1,6e7e5a62a18ebfe6,500009,stepwise_unmasked,0.5,True,True,images/seed_500009/stepwise_unmasked/alpha_p0p500.png,0.957402288913726,,0.42465111613273604,0.9954560880407061,0.6636071771738931,12.11438811267621,0.7069922318824651,6.228280729350216,13.640004332993742,False,0.6078898803528241,2,4,[],white_reference_bilateral_cheek_median_cielab_ita_v2,True,,58.32116923313802,54.42256096239662,3.898608270741398,-1.204359637178157,24773,21042,True,True,experiments/runs/confirmatory_cuda,1,3.898608270741398,5.0,1.101391729258602,True
1,skin_tone_steering_confirmatory_v1,6e7e5a62a18ebfe6,500010,prompt_only,-2.0,True,True,images/seed_500010/prompt_only/alpha_m2p000.png,0.9727917313575741,,0.374494582414627,0.9147792081963081,0.7526379893888071,0.9708518211513051,2.809466517179167,1.983486244187375,3.573495914460263,False,0.629154303446661,3,4,[],white_reference_bilateral_cheek_median_cielab_ita_v2,True,,60.80870048761108,70.45053377696853,-9.64183328935745,4.357662585831193,14394,14634,True,True,experiments/runs/confirmatory_cuda,-1,9.64183328935745,5.0,4.64183328935745,False
1,skin_tone_steering_confirmatory_v1,6e7e5a62a18ebfe6,500010,prompt_only,0.2,True,True,images/seed_500010/prompt_only/alpha_p0p200.png,0.9913023114204401,,0.182487219572067,0.918103558305794,0.8140596858900261,0.043359413322851,0.7463152255937511,1.003858972046871,1.2516386421151091,True,0.7929006073295131,4,4,[],white_reference_bilateral_cheek_median_cielab_ita_v2,True,,60.80870048761108,60.6222122174852,0.18648827012587701,1.180397088228062,14394,13504,True,True,experiments/runs/confirmatory_cuda,1,0.18648827012587701,5.0,4.813511729874123,False
1,skin_tone_steering_confirmatory_v1,6e7e5a62a18ebfe6,500010,stepwise_masked,-0.75,True,True,images/seed_500010/stepwise_masked/alpha_m0p750.png,0.9848367571830751,,0.08797045052051501,0.951102227121098,0.8827662539041121,1.602745303838292,0.41326115132509106,0.32023566328798503,1.685861254140369,True,0.866634100603322,4,4,[],white_reference_bilateral_cheek_median_cielab_ita_v2,True,,60.80870048761108,69.90410465759989,-9.09540416998881,6.857354594259334,14394,8958,True,True,experiments/runs/confirmatory_cuda,-1,9.09540416998881,5.0,4.095404169988811,False
1,skin_tone_steering_confirmatory_v1,6e7e5a62a18ebfe6,500010,stepwise_masked,0.375,True,True,images/seed_500010/stepwise_masked/alpha_p0p375.png,0.9907890558242791,,0.08156774938106501,0.9692764473325871,0.8918134405045691,0.223234169372675,0.399991992680295,0.436888609917288,0.6330076982622901,True,0.9050666908264731,4,4,[],white_reference_bilateral_cheek_median_cielab_ita_v2,True,,60.80870048761108,55.09056598956824,5.718134498042836,-4.714233030241374,14394,13184,True,True,experiments/runs/confirmatory_cuda,1,5.718134498042836,5.0,0.7181344980428364,True
1,skin_tone_steering_confirmatory_v1,6e7e5a62a18ebfe6,500010,stepwise_unmasked,-0.75,True,True,images/seed_500010/stepwise_unmasked/alpha_m0p750.png,0.9461070299148561,,0.138163447380065,0.9367481804446801,0.8504797536255551,1.989158452041934,0.349487634621408,0.011784966749638,2.01966131802449,True,0.7983494422285741,4,4,[],white_reference_bilateral_cheek_median_cielab_ita_v2,True,,60.80870048761108,72.57862997246578,-11.7699294848547,7.659753649152222,14394,8160,True,True,experiments/runs/confirmatory_cuda,-1,11.7699294848547,5.0,6.7699294848547,False
1,skin_tone_steering_confirmatory_v1,6e7e5a62a18ebfe6,500010,stepwise_unmasked,0.5,True,True,images/seed_500010/stepwise_unmasked/alpha_p0p500.png,0.9758251905441281,,0.14366403222084,0.9318579678176251,0.8187412179437911,0.270729594847958,0.5141659890628261,0.9480168635734081,1.11193396901752,True,0.826380562332316,4,4,[],white_reference_bilateral_cheek_median_cielab_ita_v2,True,,60.80870048761108,50.96411431627077,9.844586171340303,-7.441830200602595,14394,13462,True,True,experiments/runs/confirmatory_cuda,1,9.844586171340303,5.0,4.844586171340303,False
1,skin_tone_steering_confirmatory_v1,6e7e5a62a18ebfe6,500011,prompt_only,-2.0,True,True,images/seed_500011/prompt_only/alpha_m2p000.png,0.9942330121994011,,0.18378172814846003,0.9657432437855911,0.8541456695684321,0.38378502549389504,1.7930342392397811,0.5996976886340221,1.9292226534624042,True,0.7878911840608961,4,4,[],white_reference_bilateral_cheek_median_cielab_ita_v2,True,,65.30425890233688,72.23500444870504,-6.930745546368158,0.49572853756018204,10081,11289,True,True,experiments/runs/confirmatory_cuda,-1,6.930745546368158,5.0,1.9307455463681578,True
1,skin_tone_steering_confirmatory_v1,6e7e5a62a18ebfe6,500011,prompt_only,0.2,True,True,images/seed_500011/prompt_only/alpha_p0p200.png,0.98158311843872,,0.33886751532554604,0.9301907087685091,0.7330397406365711,6.224734981998477,1.074894284323189,5.410624024872545,8.3173057931709,False,0.600641346606647,2,4,[],white_reference_bilateral_cheek_median_cielab_ita_v2,True,,65.30425890233688,59.634072361196665,5.670186541140218,-2.430420168261506,10081,10931,True,True,experiments/runs/confirmatory_cuda,1,5.670186541140218,5.0,0.6701865411402181,True
1,skin_tone_steering_confirmatory_v1,6e7e5a62a18ebfe6,500011,stepwise_masked,-1.0,True,True,images/seed_500011/stepwise_masked/alpha_m1p000.png,0.994875133037567,,0.18193134665489102,0.9563545506116651,0.8483686780733891,1.392969697657665,2.8983284747161,0.18137562383928602,3.220802639539674,True,0.7550372910077681,4,4,[],white_reference_bilateral_cheek_median_cielab_ita_v2,True,,65.30425890233688,70.66534172353116,-5.361082821194273,2.596320740064897,10081,2171,True,True,experiments/runs/confirmatory_cuda,-1,5.361082821194273,5.0,0.36108282119427315,True
1,skin_tone_steering_confirmatory_v1,6e7e5a62a18ebfe6,500011,stepwise_masked,0.375,True,True,images/seed_500011/stepwise_masked/alpha_p0p375.png,0.979391634464263,,0.19987927377223902,0.953165058317583,0.8200263112374141,1.065505303831265,3.096727385244733,0.44482111040993305,3.304979254289438,True,0.731372584669392,4,4,[],white_reference_bilateral_cheek_median_cielab_ita_v2,True,,65.30425890233688,58.48444918405311,6.819809718283771,-4.612988860974283,10081,12954,True,True,experiments/runs/confirmatory_cuda,1,6.819809718283771,5.0,1.8198097182837714,True
1,skin_tone_steering_confirmatory_v1,6e7e5a62a18ebfe6,500011,stepwise_unmasked,-0.75,True,True,images/seed_500011/stepwise_unmasked/alpha_m0p750.png,0.993285119533538,,0.191715270280838,0.9550352538088631,0.8437376180303511,0.594272974252656,2.578673911768996,0.037935916044451005,2.646537104385889,True,0.7603145804336141,4,4,[],white_reference_bilateral_cheek_median_cielab_ita_v2,True,,65.30425890233688,71.17707030406378,-5.872811401726892,2.979360332041921,10081,4028,True,True,experiments/runs/confirmatory_cuda,-1,5.872811401726892,5.0,0.8728114017268922,True
1,skin_tone_steering_confirmatory_v1,6e7e5a62a18ebfe6,500011,stepwise_unmasked,0.5,True,True,images/seed_500011/stepwise_unmasked/alpha_p0p500.png,0.9696653485298151,,0.33092305064201305,0.929713578261505,0.735389145205617,2.433906871998418,0.997961657336162,1.417783019201071,2.988300323027987,False,0.6463453921883571,3,4,[],white_reference_bilateral_cheek_median_cielab_ita_v2,True,,65.30425890233688,57.53727438585244,7.766984516484442,-5.983044764216444,10081,11951,True,True,experiments/runs/confirmatory_cuda,1,7.766984516484442,5.0,2.7669845164844418,True
1,skin_tone_steering_confirmatory_v1,6e7e5a62a18ebfe6,500012,prompt_only,-2.0,True,True,images/seed_500012/prompt_only/alpha_m2p000.png,0.9743998050689691,,0.427273273468017,0.8398057676266971,0.7083732544136011,3.412049483789556,1.349818868675603,0.34413260042133803,3.685447042725484,False,0.6082151927394011,3,4,[],white_reference_bilateral_cheek_median_cielab_ita_v2,True,,59.65462340154772,73.3376793011468,-13.68305589959909,2.823602125662361,9350,13990,True,True,experiments/runs/confirmatory_cuda,-1,13.68305589959909,5.0,8.68305589959909,False
1,skin_tone_steering_confirmatory_v1,6e7e5a62a18ebfe6,500012,prompt_only,0.2,True,True,images/seed_500012/prompt_only/alpha_p0p200.png,0.9713897705078121,,0.255559563636779,0.8710498488933821,0.7648152807135281,0.095716158737894,0.9971541242272971,4.937202963247472,5.037802202429812,False,0.6190673231331251,3,4,[],white_reference_bilateral_cheek_median_cielab_ita_v2,True,,59.65462340154772,52.81940163414047,6.835221767407248,-2.942617155408641,9350,8616,True,True,experiments/runs/confirmatory_cuda,1,6.835221767407248,5.0,1.8352217674072477,True
1,skin_tone_steering_confirmatory_v1,6e7e5a62a18ebfe6,500012,stepwise_masked,-0.75,True,True,images/seed_500012/stepwise_masked/alpha_m0p750.png,0.975867986679077,,0.066560856997966,0.9538331522369691,0.8997367340248331,2.444608024887242,2.3690245825282092,0.166310899172171,3.4082319732009903,True,0.838735602902232,4,4,[],white_reference_bilateral_cheek_median_cielab_ita_v2,True,,59.65462340154772,71.42440129581752,-11.7697778942698,6.898462081206645,9350,9381,True,True,experiments/runs/confirmatory_cuda,-1,11.7697778942698,5.0,6.769777894269801,False
1,skin_tone_steering_confirmatory_v1,6e7e5a62a18ebfe6,500012,stepwise_masked,0.375,True,True,images/seed_500012/stepwise_masked/alpha_p0p375.png,0.96950352191925,,0.136387884616851,0.937675858986275,0.8372900434620171,1.6702042596375322,1.229747018074451,0.38094734158167504,2.108786588166879,True,0.806606550248072,4,4,[],white_reference_bilateral_cheek_median_cielab_ita_v2,True,,59.65462340154772,54.54257076771308,5.112052633834637,-3.548401523609598,9350,11088,True,True,experiments/runs/confirmatory_cuda,1,5.112052633834637,5.0,0.1120526338346366,True
1,skin_tone_steering_confirmatory_v1,6e7e5a62a18ebfe6,500012,stepwise_unmasked,-0.75,True,True,images/seed_500012/stepwise_unmasked/alpha_m0p750.png,0.972552239894866,,0.18960720300674402,0.885091040326188,0.80462906880906,3.592629188366362,1.811982525412726,2.917563989890146,4.970155409301276,True,0.678719962303969,4,4,[],white_reference_bilateral_cheek_median_cielab_ita_v2,True,,59.65462340154772,72.75185545042352,-13.097232048875803,7.229178953362606,9350,10160,True,True,experiments/runs/confirmatory_cuda,-1,13.097232048875803,5.0,8.097232048875803,False
1,skin_tone_steering_confirmatory_v1,6e7e5a62a18ebfe6,500012,stepwise_unmasked,0.5,True,True,images/seed_500012/stepwise_unmasked/alpha_p0p500.png,0.929795265197753,,0.23547591269016202,0.8772628098396311,0.760654286220606,2.2723313785084502,0.8529174317107711,1.626248757718517,2.921582287229171,True,0.673719442486534,4,4,[],white_reference_bilateral_cheek_median_cielab_ita_v2,True,,59.65462340154772,46.62067237110504,13.03395103044268,-10.565047285620452,9350,11088,True,True,experiments/runs/confirmatory_cuda,1,13.03395103044268,5.0,8.03395103044268,False
1,skin_tone_steering_confirmatory_v1,6e7e5a62a18ebfe6,500013,prompt_only,-2.0,True,True,images/seed_500013/prompt_only/alpha_m2p000.png,0.9961774349212641,,0.20645311474800102,0.9648061263338521,0.869093555031714,1.973539339243799,1.445076734338381,1.025666774960626,2.652375656826737,True,0.7514144159682681,4,4,[],white_reference_bilateral_cheek_median_cielab_ita_v2,True,,64.55079979719207,71.3298590487873,-6.779059251595228,1.184437453105246,11326,12010,True,True,experiments/runs/confirmatory_cuda,-1,6.779059251595228,5.0,1.7790592515952284,True
1,skin_tone_steering_confirmatory_v1,6e7e5a62a18ebfe6,500013,prompt_only,0.2,True,True,images/seed_500013/prompt_only/alpha_p0p200.png,0.910979628562927,,0.17939844727516102,0.9689543194634991,0.8383809047477621,1.24777812055941,3.077050408348259,0.5728939706540801,3.36948022034182,True,0.7251202290057921,4,4,[],white_reference_bilateral_cheek_median_cielab_ita_v2,True,,64.55079979719207,61.14064056868444,3.41015922850763,-1.055437231232758,11326,10452,True,True,experiments/runs/confirmatory_cuda,1,3.41015922850763,5.0,1.5898407714923701,True
1,skin_tone_steering_confirmatory_v1,6e7e5a62a18ebfe6,500013,stepwise_masked,-1.0,True,True,images/seed_500013/stepwise_masked/alpha_m1p000.png,0.9939408302307121,,0.14847531914710901,0.972967374066355,0.9093432054413291,0.5900636696968391,0.991525271810425,0.32838007667760805,1.199637851059073,True,0.8372492759540371,4,4,[],white_reference_bilateral_cheek_median_cielab_ita_v2,True,,64.55079979719207,68.49760566618886,-3.94680586899679,3.746949244290704,11326,1681,True,True,experiments/runs/confirmatory_cuda,-1,3.94680586899679,5.0,1.05319413100321,True
1,skin_tone_steering_confirmatory_v1,6e7e5a62a18ebfe6,500013,stepwise_masked,0.5,True,True,images/seed_500013/stepwise_masked/alpha_p0p500.png,0.987988889217376,,0.06435041129589,0.986450479456854,0.945303322754606,1.032277023606623,1.390934109890056,0.515893129830848,1.807329320552417,True,0.893299877560343,4,4,[],white_reference_bilateral_cheek_median_cielab_ita_v2,True,,64.55079979719207,59.592052493393474,4.958747303798596,-5.247184627762991,11326,14981,True,True,experiments/runs/confirmatory_cuda,1,4.958747303798596,5.0,0.04125269620140415,True
1,skin_tone_steering_confirmatory_v1,6e7e5a62a18ebfe6,500013,stepwise_unmasked,-0.75,True,True,images/seed_500013/stepwise_unmasked/alpha_m0p750.png,0.9956977367401121,,0.163785576820373,0.9704597810962291,0.9000887605156711,0.7690767061496491,0.432072001073581,0.042985283146157,0.8831834059927061,True,0.832434030718137,4,4,[],white_reference_bilateral_cheek_median_cielab_ita_v2,True,,64.55079979719207,70.52540021072468,-5.974600413532613,3.942523088473208,11326,3718,True,True,experiments/runs/confirmatory_cuda,-1,5.974600413532613,5.0,0.9746004135326132,True
1,skin_tone_steering_confirmatory_v1,6e7e5a62a18ebfe6,500013,stepwise_unmasked,0.5,True,True,images/seed_500013/stepwise_unmasked/alpha_p0p500.png,0.976628184318542,,0.174534693360328,0.968100880357817,0.8548751881805601,1.33838777999262,1.6823879647690991,1.377653308527556,2.553358524009194,True,0.7739812483084041,4,4,[],white_reference_bilateral_cheek_median_cielab_ita_v2,True,,64.55079979719207,57.47197957292583,7.078820224266238,-6.178928938266466,11326,13427,True,True,experiments/runs/confirmatory_cuda,1,7.078820224266238,5.0,2.078820224266238,True
1,skin_tone_steering_confirmatory_v1,6e7e5a62a18ebfe6,500014,prompt_only,-2.0,True,True,images/seed_500014/prompt_only/alpha_m2p000.png,0.922811865806579,,0.335712790489196,0.9762400514022431,0.7825117934909781,1.559286401350197,1.269937724482481,2.659691427858791,3.334377662611859,False,0.6317550209627311,3,4,[],white_reference_bilateral_cheek_median_cielab_ita_v2,True,,56.779120098180954,70.9777083593303,-14.19858826114934,9.160017788624316,16729,12793,True,True,experiments/runs/confirmatory_cuda,-1,14.19858826114934,5.0,9.19858826114934,False
1,skin_tone_steering_confirmatory_v1,6e7e5a62a18ebfe6,500014,prompt_only,0.2,True,True,images/seed_500014/prompt_only/alpha_p0p200.png,0.947225928306579,,0.07434888929128601,0.9934024039548741,0.8971095165436781,0.276316718674451,0.296821235791123,0.45632282169785304,0.6104787405290021,True,0.9013409478477221,4,4,[],white_reference_bilateral_cheek_median_cielab_ita_v2,True,,56.779120098180954,55.060464296864915,1.7186558013160391,2.436802580050042,16729,15942,True,True,experiments/runs/confirmatory_cuda,1,1.7186558013160391,5.0,3.2813441986839607,False
1,skin_tone_steering_confirmatory_v1,6e7e5a62a18ebfe6,500014,stepwise_masked,-0.75,True,True,images/seed_500014/stepwise_masked/alpha_m0p750.png,0.979868471622467,,0.07137583941221201,0.9923971676074281,0.9121092101913141,0.350100324835995,0.26886179197785803,0.056011701172125006,0.44496540461479706,True,0.9199459674680681,4,4,[],white_reference_bilateral_cheek_median_cielab_ita_v2,True,,56.779120098180954,62.76401437801657,-5.984894279835615,7.121084263656769,16729,7545,True,True,experiments/runs/confirmatory_cuda,-1,5.984894279835615,5.0,0.9848942798356148,True
1,skin_tone_steering_confirmatory_v1,6e7e5a62a18ebfe6,500014,stepwise_masked,0.5,True,True,images/seed_500014/stepwise_masked/alpha_p0p500.png,0.954763650894165,,0.042178969830274006,0.9951802089508791,0.9279553256514691,0.6746473448304561,1.43148035998651,1.469997513061655,2.159902254575736,True,0.8926847234334091,4,4,[],white_reference_bilateral_cheek_median_cielab_ita_v2,True,,56.779120098180954,51.765243825804944,5.013876272376009,-7.797262121057699,16729,19086,True,True,experiments/runs/confirmatory_cuda,1,5.013876272376009,5.0,0.013876272376008636,True
1,skin_tone_steering_confirmatory_v1,6e7e5a62a18ebfe6,500014,stepwise_unmasked,-0.75,True,True,images/seed_500014/stepwise_unmasked/alpha_m0p750.png,0.9527794718742371,,0.113050490617752,0.9913272643245271,0.8760302354974521,0.6235953480544031,1.514389003704815,0.9509895346370971,1.893839039529611,True,0.83856939986427,4,4,[],white_reference_bilateral_cheek_median_cielab_ita_v2,True,,56.779120098180954,65.58920939287432,-8.81008929469337,8.541043072585381,16729,8668,True,True,experiments/runs/confirmatory_cuda,-1,8.81008929469337,5.0,3.8100892946933698,False
1,skin_tone_steering_confirmatory_v1,6e7e5a62a18ebfe6,500014,stepwise_unmasked,0.5,True,True,images/seed_500014/stepwise_unmasked/alpha_p0p500.png,0.99263572692871,,0.058608505874872006,0.993567371549337,0.9100605228694381,0.6788437426971671,0.933158045471647,0.6992294321698771,1.3492718642438861,True,0.9130580223171101,4,4,[],white_reference_bilateral_cheek_median_cielab_ita_v2,True,,56.779120098180954,49.33176492194603,7.447355176234922,-8.784018742372211,16729,19545,True,True,experiments/runs/confirmatory_cuda,1,7.447355176234922,5.0,2.4473551762349217,True
1,skin_tone_steering_confirmatory_v1,6e7e5a62a18ebfe6,500015,prompt_only,-2.0,True,True,images/seed_500015/prompt_only/alpha_m2p000.png,0.983669757843017,,0.31234899163246105,0.9356251287900261,0.7855772962409601,0.7442642134827351,0.8053181708622581,1.078476458888195,1.5380435781108501,False,0.689331351935867,3,4,[],white_reference_bilateral_cheek_median_cielab_ita_v2,True,,49.874516309843884,69.28946768686808,-19.414951377024195,12.512169026252167,9211,7715,True,True,experiments/runs/confirmatory_cuda,-1,19.414951377024195,5.0,14.414951377024195,False
1,skin_tone_steering_confirmatory_v1,6e7e5a62a18ebfe6,500015,prompt_only,0.2,True,True,images/seed_500015/prompt_only/alpha_p0p200.png,0.9946815371513361,,0.066276252269744,0.9831042316331371,0.9032965091097751,0.9900035883232171,1.9969624199245282,0.49114691103050306,2.282365286210444,True,0.881492291959987,4,4,[],white_reference_bilateral_cheek_median_cielab_ita_v2,True,,49.874516309843884,48.65101454340721,1.223501766436676,1.256202040523234,9211,9413,True,True,experiments/runs/confirmatory_cuda,1,1.223501766436676,5.0,3.776498233563324,False
1,skin_tone_steering_confirmatory_v1,6e7e5a62a18ebfe6,500015,stepwise_masked,-0.75,True,True,images/seed_500015/stepwise_masked/alpha_m0p750.png,0.9744344353675841,,0.05258300527930201,0.985837816286472,0.9307895205638841,0.22855844095872202,0.041981465703559005,0.40208713086680403,0.464408726452033,True,0.9314429781070761,4,4,[],white_reference_bilateral_cheek_median_cielab_ita_v2,True,,49.874516309843884,59.32873224960278,-9.454215939758896,9.5429169124467,9211,6234,True,True,experiments/runs/confirmatory_cuda,-1,9.454215939758896,5.0,4.454215939758896,False
1,skin_tone_steering_confirmatory_v1,6e7e5a62a18ebfe6,500015,stepwise_masked,0.5,True,True,images/seed_500015/stepwise_masked/alpha_p0p500.png,0.989084601402282,,0.038122110068798,0.985959833376521,0.9406723444654811,1.456655327806617,1.347933747175797,0.277657332587019,2.003962006910841,True,0.9105292086398831,4,4,[],white_reference_bilateral_cheek_median_cielab_ita_v2,True,,49.874516309843884,46.647480770889295,3.227035538954588,-4.499230020780033,9211,13257,True,True,experiments/runs/confirmatory_cuda,1,3.227035538954588,5.0,1.772964461045412,True
1,skin_tone_steering_confirmatory_v1,6e7e5a62a18ebfe6,500015,stepwise_unmasked,-0.75,True,True,images/seed_500015/stepwise_unmasked/alpha_m0p750.png,0.9694112539291381,,0.11146170645952201,0.96879529019075,0.886216407291998,0.669799994203075,0.411890718936112,0.014988450176266,0.7864544807036411,True,0.868181925370588,4,4,[],white_reference_bilateral_cheek_median_cielab_ita_v2,True,,49.874516309843884,62.81038077878366,-12.935864468939776,9.660583641064434,9211,6370,True,True,experiments/runs/confirmatory_cuda,-1,12.935864468939776,5.0,7.935864468939776,False
1,skin_tone_steering_confirmatory_v1,6e7e5a62a18ebfe6,500015,stepwise_unmasked,0.5,True,True,images/seed_500015/stepwise_unmasked/alpha_p0p500.png,0.9913493394851681,,0.079548880457878,0.9635050172163001,0.893032881248739,1.396008133250577,0.05222576781645501,0.9268542452316391,1.676491882124602,True,0.879429225843,4,4,[],white_reference_bilateral_cheek_median_cielab_ita_v2,True,,49.874516309843884,43.768748449280615,6.105767860563269,-5.518985298600569,9211,12905,True,True,experiments/runs/confirmatory_cuda,1,6.105767860563269,5.0,1.1057678605632688,True
1,skin_tone_steering_confirmatory_v1,6e7e5a62a18ebfe6,500016,prompt_only,-2.0,True,True,images/seed_500016/prompt_only/alpha_m2p000.png,0.9481600522994991,,0.24076855182647702,0.935205865161674,0.8432064391313481,1.533096524266073,3.189016281419784,1.726300305623513,3.937044899550044,True,0.665294903558582,4,4,[],white_reference_bilateral_cheek_median_cielab_ita_v2,True,,58.042405029555034,70.04113595269641,-11.998730923141373,4.615516089187736,8461,6786,True,True,experiments/runs/confirmatory_cuda,-1,11.998730923141373,5.0,6.998730923141373,False
1,skin_tone_steering_confirmatory_v1,6e7e5a62a18ebfe6,500016,prompt_only,0.2,True,True,images/seed_500016/prompt_only/alpha_p0p200.png,0.9697487354278561,,0.086820647120475,0.975239250375128,0.9026757828929951,1.5314069771307461,0.233539354386978,1.955653642843327,2.494860543280645,True,0.847743535530149,4,4,[],white_reference_bilateral_cheek_median_cielab_ita_v2,True,,58.042405029555034,55.4882590698472,2.554145959707831,0.44752336224289,8461,7282,True,True,experiments/runs/confirmatory_cuda,1,2.554145959707831,5.0,2.445854040292169,True
1,skin_tone_steering_confirmatory_v1,6e7e5a62a18ebfe6,500016,stepwise_masked,-0.75,True,True,images/seed_500016/stepwise_masked/alpha_m0p750.png,0.962632000446319,,0.066061839461326,0.977128897719117,0.9257405871016131,0.9147113299146481,2.802512920443451,0.976126346883134,3.105414325240051,True,0.8475823335817091,4,4,[],white_reference_bilateral_cheek_median_cielab_ita_v2,True,,58.042405029555034,69.69693525706495,-11.654530227509916,7.065535480173409,8461,5913,True,True,experiments/runs/confirmatory_cuda,-1,11.654530227509916,5.0,6.654530227509916,False
1,skin_tone_steering_confirmatory_v1,6e7e5a62a18ebfe6,500016,stepwise_masked,0.375,True,True,images/seed_500016/stepwise_masked/alpha_p0p375.png,0.9881396889686581,,0.031868986785411,0.9834274080206161,0.9512891039111411,0.774663779171744,0.019554862155826,0.070989751911887,0.778155452510033,True,0.9453978600678071,4,4,[],white_reference_bilateral_cheek_median_cielab_ita_v2,True,,58.042405029555034,50.8616679229906,7.180737106564436,-5.9106517329713455,8461,8944,True,True,experiments/runs/confirmatory_cuda,1,7.180737106564436,5.0,2.180737106564436,True
1,skin_tone_steering_confirmatory_v1,6e7e5a62a18ebfe6,500016,stepwise_unmasked,-0.75,True,True,images/seed_500016/stepwise_unmasked/alpha_m0p750.png,0.9438474774360651,,0.096377976238727,0.9697625763207091,0.909216219454355,0.155036845310657,2.978218804992302,0.8083503128441121,3.089863087919727,True,0.813821890721769,4,4,[],white_reference_bilateral_cheek_median_cielab_ita_v2,True,,58.042405029555034,71.87777998634434,-13.835374956789302,7.353765973844631,8461,6102,True,True,experiments/runs/confirmatory_cuda,-1,13.835374956789302,5.0,8.835374956789302,False
1,skin_tone_steering_confirmatory_v1,6e7e5a62a18ebfe6,500016,stepwise_unmasked,0.5,True,True,images/seed_500016/stepwise_unmasked/alpha_p0p500.png,0.948437809944152,,0.10338812321424401,0.9651671707855761,0.8873641391187601,2.065687245973044,3.5821040631167222,0.7990889528978791,4.211540866691959,True,0.780510680412948,4,4,[],white_reference_bilateral_cheek_median_cielab_ita_v2,True,,58.042405029555034,46.23662987169749,11.805775157857546,-8.011694471746026,8461,8723,True,True,experiments/runs/confirmatory_cuda,1,11.805775157857546,5.0,6.805775157857546,False
1,skin_tone_steering_confirmatory_v1,6e7e5a62a18ebfe6,500017,prompt_only,-2.0,True,True,images/seed_500017/prompt_only/alpha_m2p000.png,0.9395062327384941,,0.39438557624816806,0.919052978899708,0.7749336653846941,4.474926173075902,0.5525470418007451,1.221737747872818,4.671500359890796,False,0.5902905730045921,3,4,[],white_reference_bilateral_cheek_median_cielab_ita_v2,True,,61.62305047461709,74.16839937140766,-12.545348896790571,5.228722225670822,8558,8204,True,True,experiments/runs/confirmatory_cuda,-1,12.545348896790571,5.0,7.545348896790571,False
1,skin_tone_steering_confirmatory_v1,6e7e5a62a18ebfe6,500017,prompt_only,0.2,True,True,images/seed_500017/prompt_only/alpha_p0p200.png,0.9651636481285091,,0.039542470127344,0.9865871642387791,0.9396989567823061,0.9527689953408791,3.258530124175703,0.258350457285814,3.404780798733331,True,0.865511580700099,4,4,[],white_reference_bilateral_cheek_median_cielab_ita_v2,True,,61.62305047461709,60.425795623967524,1.197254850649564,0.5226477605619231,8558,9970,True,True,experiments/runs/confirmatory_cuda,1,1.197254850649564,5.0,3.802745149350436,False
1,skin_tone_steering_confirmatory_v1,6e7e5a62a18ebfe6,500017,stepwise_masked,-1.0,True,True,images/seed_500017/stepwise_masked/alpha_m1p000.png,0.958955883979797,,0.055792648345232,0.979824762496134,0.9334500477168881,1.909904608374145,0.039507071760616005,1.184961475548454,2.247983567631638,True,0.8768711843046401,4,4,[],white_reference_bilateral_cheek_median_cielab_ita_v2,True,,61.62305047461709,68.29033915364185,-6.667288679024764,5.134495281505792,8558,2564,True,True,experiments/runs/confirmatory_cuda,-1,6.667288679024764,5.0,1.6672886790247636,True
1,skin_tone_steering_confirmatory_v1,6e7e5a62a18ebfe6,500017,stepwise_masked,0.375,True,True,images/seed_500017/stepwise_masked/alpha_p0p375.png,0.984989941120147,,0.015294032171368,0.9921774484180721,0.9708136776724371,0.571377346512384,0.74061097872666,0.04798030864431101,0.9366316265937201,True,0.956254772550256,4,4,[],white_reference_bilateral_cheek_median_cielab_ita_v2,True,,61.62305047461709,56.682697901513805,4.940352573103283,-4.169305151592013,8558,10092,True,True,experiments/runs/confirmatory_cuda,1,4.940352573103283,5.0,0.05964742689671709,True
1,skin_tone_steering_confirmatory_v1,6e7e5a62a18ebfe6,500017,stepwise_unmasked,-0.75,True,True,images/seed_500017/stepwise_unmasked/alpha_m0p750.png,0.9451443552970881,,0.07883644104003901,0.976873427629756,0.927080159024754,0.45384629506128704,0.5370435308865621,0.178618337112566,0.7254631099930731,True,0.889813878193988,4,4,[],white_reference_bilateral_cheek_median_cielab_ita_v2,True,,61.62305047461709,68.1928192332389,-6.569768758621805,4.121587244838551,8558,3822,True,True,experiments/runs/confirmatory_cuda,-1,6.569768758621805,5.0,1.5697687586218052,True
1,skin_tone_steering_confirmatory_v1,6e7e5a62a18ebfe6,500017,stepwise_unmasked,0.5,True,True,images/seed_500017/stepwise_unmasked/alpha_p0p500.png,0.986793100833892,,0.035612672567367006,0.9877577546361981,0.946019099681726,0.7131834092849031,0.010757528795462,0.128558907916615,0.724757678475872,True,0.9441906823703891,4,4,[],white_reference_bilateral_cheek_median_cielab_ita_v2,True,,61.62305047461709,51.75132646580171,9.871724008815377,-6.788559600174295,8558,10244,True,True,experiments/runs/confirmatory_cuda,1,9.871724008815377,5.0,4.871724008815377,False
1,skin_tone_steering_confirmatory_v1,6e7e5a62a18ebfe6,500018,prompt_only,-2.0,True,True,images/seed_500018/prompt_only/alpha_m2p000.png,0.99034583568573,,0.183619365096092,0.9974578097904621,0.8375539965613821,0.35225154941353704,3.577853696791587,0.694774288039124,3.6616703211826342,True,0.751186245220121,4,4,[],white_reference_bilateral_cheek_median_cielab_ita_v2,True,,62.303563170293856,72.88039651775848,-10.576833347464628,2.9485525106798463,15313,9254,True,True,experiments/runs/confirmatory_cuda,-1,10.576833347464628,5.0,5.576833347464628,False
1,skin_tone_steering_confirmatory_v1,6e7e5a62a18ebfe6,500018,prompt_only,0.2,True,True,images/seed_500018/prompt_only/alpha_p0p200.png,0.972763299942016,,0.077330105006694,0.9968617580456591,0.9039896244614151,0.29407951474516003,0.708714979026974,1.218115446294846,1.4396405533993701,True,0.8885689089824411,4,4,[],white_reference_bilateral_cheek_median_cielab_ita_v2,True,,62.303563170293856,61.20397516891565,1.099588001378208,0.45288496805690603,15313,16931,True,True,experiments/runs/confirmatory_cuda,1,1.099588001378208,5.0,3.900411998621792,False
1,skin_tone_steering_confirmatory_v1,6e7e5a62a18ebfe6,500018,stepwise_masked,-1.0,True,True,images/seed_500018/stepwise_masked/alpha_m1p000.png,0.9953898191452021,,0.08546356111764901,0.9987809358829071,0.9157078859127921,0.31979242341589803,0.511516143476892,0.756068536007355,0.9672412265055661,True,0.9025657512228311,4,4,[],white_reference_bilateral_cheek_median_cielab_ita_v2,True,,62.303563170293856,64.42595164431737,-2.122388474023509,5.20895716540582,15313,974,True,True,experiments/runs/confirmatory_cuda,-1,2.122388474023509,5.0,2.877611525976491,True
1,skin_tone_steering_confirmatory_v1,6e7e5a62a18ebfe6,500018,stepwise_masked,0.5,True,True,images/seed_500018/stepwise_masked/alpha_p0p500.png,0.98066645860672,,0.030137989670038,0.9992026592564921,0.9544034627556841,1.300323807795784,0.11080322755754601,0.252820267134559,1.329299608001028,True,0.9342031051999181,4,4,[],white_reference_bilateral_cheek_median_cielab_ita_v2,True,,62.303563170293856,60.619806300745864,1.683756869547991,-3.880893369403679,15313,24544,True,True,experiments/runs/confirmatory_cuda,1,1.683756869547991,5.0,3.3162431304520092,False
1,skin_tone_steering_confirmatory_v1,6e7e5a62a18ebfe6,500018,stepwise_unmasked,-0.75,True,True,images/seed_500018/stepwise_unmasked/alpha_m0p750.png,0.9953676462173461,,0.10693094879388801,0.997292289650851,0.898122563161542,0.637482980252124,0.610295489412093,0.804271052609125,1.194025569480347,True,0.878626176512302,4,4,[],white_reference_bilateral_cheek_median_cielab_ita_v2,True,,62.303563170293856,65.77918665519401,-3.475623484900154,4.924299588915929,15313,2230,True,True,experiments/runs/confirmatory_cuda,-1,3.475623484900154,5.0,1.524376515099846,True
1,skin_tone_steering_confirmatory_v1,6e7e5a62a18ebfe6,500018,stepwise_unmasked,0.5,True,True,images/seed_500018/stepwise_unmasked/alpha_p0p500.png,0.9843615293502801,,0.055731639266014,0.9978142849641071,0.929111938661699,0.9668482977371341,0.378336384665641,0.49839523422656706,1.1516648211605751,True,0.918354491496689,4,4,[],white_reference_bilateral_cheek_median_cielab_ita_v2,True,,62.303563170293856,59.19605025015713,3.107512920136727,-4.141047783319934,15313,22637,True,True,experiments/runs/confirmatory_cuda,1,3.107512920136727,5.0,1.892487079863273,True
1,skin_tone_steering_confirmatory_v1,6e7e5a62a18ebfe6,500019,prompt_only,-2.0,True,True,images/seed_500019/prompt_only/alpha_m2p000.png,0.98378986120224,,0.128712683916091,0.952704161493864,0.875960532385432,0.9943860481597311,0.7183498539616291,1.411025458058607,1.869712001552892,True,0.8280938683554071,4,4,[],white_reference_bilateral_cheek_median_cielab_ita_v2,True,,63.754408286434305,70.98140243826285,-7.226994151828542,1.638093697919359,7700,7430,True,True,experiments/runs/confirmatory_cuda,-1,7.226994151828542,5.0,2.226994151828542,True
1,skin_tone_steering_confirmatory_v1,6e7e5a62a18ebfe6,500019,prompt_only,0.2,True,True,images/seed_500019/prompt_only/alpha_p0p200.png,0.9810326099395751,,0.31332641839981,0.913675111214104,0.7941578994412131,1.986154178302171,2.663103554074958,3.439688650966922,4.78209023077822,False,0.601753750761411,3,4,[],white_reference_bilateral_cheek_median_cielab_ita_v2,True,,63.754408286434305,59.4305997085995,4.323808577834804,-1.675263664773609,7700,9396,True,True,experiments/runs/confirmatory_cuda,1,4.323808577834804,5.0,0.6761914221651963,True
1,skin_tone_steering_confirmatory_v1,6e7e5a62a18ebfe6,500019,stepwise_masked,-0.75,True,True,images/seed_500019/stepwise_masked/alpha_m0p750.png,0.9869304299354551,,0.067829325795173,0.9736616555662301,0.9302565222384581,0.323304414017518,1.751563586285416,2.516233188965484,3.082844498539564,True,0.8549187744912191,4,4,[],white_reference_bilateral_cheek_median_cielab_ita_v2,True,,63.754408286434305,70.48012799970913,-6.72571971327482,4.711954248691583,7700,1670,True,True,experiments/runs/confirmatory_cuda,-1,6.72571971327482,5.0,1.7257197132748203,True
1,skin_tone_steering_confirmatory_v1,6e7e5a62a18ebfe6,500019,stepwise_masked,0.375,True,True,images/seed_500019/stepwise_masked/alpha_p0p375.png,0.987850308418273,,0.05432667210698101,0.9825253263487,0.952399501378519,2.097212100809775,1.301534159057134,1.451347027094998,2.8633368568914492,True,0.874219549065924,4,4,[],white_reference_bilateral_cheek_median_cielab_ita_v2,True,,63.754408286434305,59.40428829940592,4.350119987028385,-3.426479832362176,7700,10255,True,True,experiments/runs/confirmatory_cuda,1,4.350119987028385,5.0,0.6498800129716154,True
1,skin_tone_steering_confirmatory_v1,6e7e5a62a18ebfe6,500019,stepwise_unmasked,-0.75,True,True,images/seed_500019/stepwise_unmasked/alpha_m0p750.png,0.9779508113861081,,0.10201093554496701,0.96559449272606,0.9079357719483491,1.432548639783312,0.9398665525725851,1.203146714774526,2.093587055572905,True,0.8457813881078431,4,4,[],white_reference_bilateral_cheek_median_cielab_ita_v2,True,,63.754408286434305,72.81334261261536,-9.058934326181053,5.5410297477171895,7700,2368,True,True,experiments/runs/confirmatory_cuda,-1,9.058934326181053,5.0,4.058934326181053,False
1,skin_tone_steering_confirmatory_v1,6e7e5a62a18ebfe6,500019,stepwise_unmasked,0.5,True,True,images/seed_500019/stepwise_unmasked/alpha_p0p500.png,0.9736439585685731,,0.08598025143146501,0.9732657007338631,0.916404364547285,2.830345527279328,0.35714975937862103,1.52375725408907,3.234230654081951,True,0.8309269337684111,4,4,[],white_reference_bilateral_cheek_median_cielab_ita_v2,True,,63.754408286434305,55.85987817982485,7.894530106609459,-5.637089537340415,7700,10599,True,True,experiments/runs/confirmatory_cuda,1,7.894530106609459,5.0,2.8945301066094586,True
1,skin_tone_steering_confirmatory_v1,6e7e5a62a18ebfe6,500020,prompt_only,-2.0,True,True,images/seed_500020/prompt_only/alpha_m2p000.png,0.9406663179397581,,0.32127118110656705,0.9891012868746781,0.76565106211565,0.017306611018397002,2.817714632865547,0.630386841928954,2.887421486642837,False,0.6528396537800081,3,4,[],white_reference_bilateral_cheek_median_cielab_ita_v2,True,,60.143030659510785,69.25414400259584,-9.111113343085051,3.338888722712454,19413,21345,True,True,experiments/runs/confirmatory_cuda,-1,9.111113343085051,5.0,4.1111133430850515,False
1,skin_tone_steering_confirmatory_v1,6e7e5a62a18ebfe6,500020,prompt_only,0.2,True,True,images/seed_500020/prompt_only/alpha_p0p200.png,0.9925146698951721,,0.119779683649539,0.9936793577042721,0.858144899767422,0.24495415904516502,2.496900677088999,0.80364957164351,2.634457850352483,True,0.829934991336662,4,4,[],white_reference_bilateral_cheek_median_cielab_ita_v2,True,,60.143030659510785,56.620110708631145,3.52291995087964,0.053471007871607,19413,19678,True,True,experiments/runs/confirmatory_cuda,1,3.52291995087964,5.0,1.4770800491203602,True
1,skin_tone_steering_confirmatory_v1,6e7e5a62a18ebfe6,500020,stepwise_masked,-0.75,True,True,images/seed_500020/stepwise_masked/alpha_m0p750.png,0.9639849662780761,,0.18756134808063502,0.992700568680944,0.8248626390735241,0.7267535266631351,0.71185296910854,0.394671802149121,1.091178798161687,True,0.8010889111699431,4,4,[],white_reference_bilateral_cheek_median_cielab_ita_v2,True,,60.143030659510785,67.59845349357319,-7.4554228340624045,6.411824406715837,19413,15014,True,True,experiments/runs/confirmatory_cuda,-1,7.4554228340624045,5.0,2.4554228340624045,True
1,skin_tone_steering_confirmatory_v1,6e7e5a62a18ebfe6,500020,stepwise_masked,0.375,True,True,images/seed_500020/stepwise_masked/alpha_p0p375.png,0.976239740848541,,0.020909503102302003,0.9979799495154381,0.962126737092692,0.47505073339403703,0.7668366300580831,0.522106868671781,1.042260619428415,True,0.947103788792766,4,4,[],white_reference_bilateral_cheek_median_cielab_ita_v2,True,,60.143030659510785,55.02323795680616,5.119792702704622,-6.920565579787635,19413,20840,True,True,experiments/runs/confirmatory_cuda,1,5.119792702704622,5.0,0.11979270270462195,True
1,skin_tone_steering_confirmatory_v1,6e7e5a62a18ebfe6,500020,stepwise_unmasked,-0.75,True,True,images/seed_500020/stepwise_unmasked/alpha_m0p750.png,0.9748983383178711,,0.22100776433944702,0.9899170301319011,0.7976536319597191,0.19181018070949502,1.4969645153160491,0.20675591826695902,1.523299680062211,True,0.7658105054510821,4,4,[],white_reference_bilateral_cheek_median_cielab_ita_v2,True,,60.143030659510785,69.22441834806693,-9.081387688556148,5.763473965996752,19413,19017,True,True,experiments/runs/confirmatory_cuda,-1,9.081387688556148,5.0,4.081387688556148,False
1,skin_tone_steering_confirmatory_v1,6e7e5a62a18ebfe6,500020,stepwise_unmasked,0.5,True,True,images/seed_500020/stepwise_unmasked/alpha_p0p500.png,0.984681665897369,,0.09403131902217801,0.99128695394485,0.8792685729270361,1.067803169461612,0.267110068377488,0.6650181097072461,1.286001743225681,True,0.8815678870986011,4,4,[],white_reference_bilateral_cheek_median_cielab_ita_v2,True,,60.143030659510785,50.36516329069153,9.777867368819258,-11.263428728835919,19413,19990,True,True,experiments/runs/confirmatory_cuda,1,9.777867368819258,5.0,4.777867368819258,False
1,skin_tone_steering_confirmatory_v1,6e7e5a62a18ebfe6,500021,prompt_only,-2.0,True,True,images/seed_500021/prompt_only/alpha_m2p000.png,0.9701398611068721,,0.42982542514801003,0.881809793321597,0.700619877395946,2.78812089068387,2.050493188482937,1.211710059781764,3.666930826462243,False,0.61758162558392,3,4,[],white_reference_bilateral_cheek_median_cielab_ita_v2,True,,60.119568752201666,68.12068485034992,-8.001116098148252,2.448198071770164,10279,13582,True,True,experiments/runs/confirmatory_cuda,-1,8.001116098148252,5.0,3.001116098148252,False
1,skin_tone_steering_confirmatory_v1,6e7e5a62a18ebfe6,500021,prompt_only,0.2,True,True,images/seed_500021/prompt_only/alpha_p0p200.png,0.9970985651016231,,0.23844152688980103,0.929595510479111,0.7886610107157851,0.8100272857871521,1.02160612695744,1.268690819717468,1.8191755490859212,True,0.7371301783975711,4,4,[],white_reference_bilateral_cheek_median_cielab_ita_v2,True,,60.119568752201666,54.618303645888105,5.501265106313561,-1.450460665236931,10279,9181,True,True,experiments/runs/confirmatory_cuda,1,5.501265106313561,5.0,0.5012651063135607,True
1,skin_tone_steering_confirmatory_v1,6e7e5a62a18ebfe6,500021,stepwise_masked,-0.75,True,True,images/seed_500021/stepwise_masked/alpha_m0p750.png,0.9717972278594971,,0.19796752929687503,0.9431120618168131,0.8347082126604021,2.093141117988288,1.9370809136635672,0.093737596951646,2.8534731368939172,True,0.7388922063984371,4,4,[],white_reference_bilateral_cheek_median_cielab_ita_v2,True,,60.119568752201666,69.56123085116113,-9.441662098959462,5.634977543680179,10279,7415,True,True,experiments/runs/confirmatory_cuda,-1,9.441662098959462,5.0,4.441662098959462,False
1,skin_tone_steering_confirmatory_v1,6e7e5a62a18ebfe6,500021,stepwise_masked,0.375,True,True,images/seed_500021/stepwise_masked/alpha_p0p375.png,0.997002482414245,,0.075372099876403,0.968649360856601,0.9267967217028641,0.972952242071854,1.061906006149209,0.255840644669732,1.462783260334024,True,0.8916586063808051,4,4,[],white_reference_bilateral_cheek_median_cielab_ita_v2,True,,60.119568752201666,55.68379671252713,4.435772039674532,-3.8933998284188363,10279,12559,True,True,experiments/runs/confirmatory_cuda,1,4.435772039674532,5.0,0.5642279603254678,True
1,skin_tone_steering_confirmatory_v1,6e7e5a62a18ebfe6,500021,stepwise_unmasked,-0.75,True,True,images/seed_500021/stepwise_unmasked/alpha_m0p750.png,0.966135680675506,,0.424560070037841,0.8765488197326451,0.693886380916653,3.487593132829759,1.64247875236973,0.584233654584705,3.899021835704017,False,0.608962539293875,3,4,[],white_reference_bilateral_cheek_median_cielab_ita_v2,True,,60.119568752201666,72.5804954620359,-12.460926709834233,6.255123910827038,10279,13746,True,True,experiments/runs/confirmatory_cuda,-1,12.460926709834233,5.0,7.460926709834233,False
1,skin_tone_steering_confirmatory_v1,6e7e5a62a18ebfe6,500021,stepwise_unmasked,0.5,True,True,images/seed_500021/stepwise_unmasked/alpha_p0p500.png,0.9506534337997431,,0.134093984961509,0.9485998682322551,0.865712399363688,0.005510905386533,0.888266084656063,0.569607382397558,1.055224894186158,True,0.8305193949103891,4,4,[],white_reference_bilateral_cheek_median_cielab_ita_v2,True,,60.119568752201666,52.02967050481124,8.089898247390423,-5.633096582261217,10279,12676,True,True,experiments/runs/confirmatory_cuda,1,8.089898247390423,5.0,3.0898982473904226,False
1,skin_tone_steering_confirmatory_v1,6e7e5a62a18ebfe6,500022,prompt_only,-2.0,True,True,images/seed_500022/prompt_only/alpha_m2p000.png,0.9728182554244991,,0.31498697400093,0.9996193630872251,0.7915025017724101,0.28773220886413103,0.333313895343103,0.00445227707999,0.440349633379911,False,0.7287029457214961,3,4,[],white_reference_bilateral_cheek_median_cielab_ita_v2,True,,58.46643173692985,72.3403016787215,-13.873869941791654,5.767304363291657,23981,22904,True,True,experiments/runs/confirmatory_cuda,-1,13.873869941791654,5.0,8.873869941791654,False
1,skin_tone_steering_confirmatory_v1,6e7e5a62a18ebfe6,500022,prompt_only,0.2,True,True,images/seed_500022/prompt_only/alpha_p0p200.png,0.9872575998306271,,0.132009387016296,0.999723197858239,0.8593686339046811,0.282101052593481,1.7638377987531701,1.312350834121772,2.216521936729906,True,0.829731528469217,4,4,[],white_reference_bilateral_cheek_median_cielab_ita_v2,True,,58.46643173692985,56.80101321568444,1.665418521245406,0.669652513790097,23981,26522,True,True,experiments/runs/confirmatory_cuda,1,1.665418521245406,5.0,3.334581478754594,False
1,skin_tone_steering_confirmatory_v1,6e7e5a62a18ebfe6,500022,stepwise_masked,-0.75,True,True,images/seed_500022/stepwise_masked/alpha_m0p750.png,0.983089804649353,,0.095396503806114,0.9998183954089921,0.9122948733722831,0.10187031041730901,0.193495667680038,0.172479314477676,0.278508971988609,True,0.907153464790945,4,4,[],white_reference_bilateral_cheek_median_cielab_ita_v2,True,,58.46643173692985,61.60413971251854,-3.137707975588689,5.440213595162774,23981,12038,True,True,experiments/runs/confirmatory_cuda,-1,3.137707975588689,5.0,1.8622920244113108,True
1,skin_tone_steering_confirmatory_v1,6e7e5a62a18ebfe6,500022,stepwise_masked,0.375,True,True,images/seed_500022/stepwise_masked/alpha_p0p375.png,0.99305784702301,,0.054639901965856004,0.9998397579145821,0.9237990627413021,1.246126125983623,1.743930184873164,1.824341462546209,2.814665980811212,True,0.8814567309537801,4,4,[],white_reference_bilateral_cheek_median_cielab_ita_v2,True,,58.46643173692985,50.91975424096712,7.546677495962726,-8.036762735610012,23981,26682,True,True,experiments/runs/confirmatory_cuda,1,7.546677495962726,5.0,2.546677495962726,True
1,skin_tone_steering_confirmatory_v1,6e7e5a62a18ebfe6,500022,stepwise_unmasked,-0.75,True,True,images/seed_500022/stepwise_unmasked/alpha_m0p750.png,0.9811498522758481,,0.13699436187744102,0.9996934607901361,0.88759032695503,0.7084225131009381,1.4008520401325821,0.063543699946326,1.571078195767077,True,0.839415636675599,4,4,[],white_reference_bilateral_cheek_median_cielab_ita_v2,True,,58.46643173692985,64.54208586222528,-6.075654125295429,6.487889795905289,23981,13663,True,True,experiments/runs/confirmatory_cuda,-1,6.075654125295429,5.0,1.0756541252954293,True
1,skin_tone_steering_confirmatory_v1,6e7e5a62a18ebfe6,500022,stepwise_unmasked,0.5,True,True,images/seed_500022/stepwise_unmasked/alpha_p0p500.png,0.9871629476547241,,0.149709552526474,0.9995251859925741,0.8480753425428971,1.3365637398545411,3.109954048602056,0.08222632057209901,3.385997339471061,True,0.7856595079431601,4,4,[],white_reference_bilateral_cheek_median_cielab_ita_v2,True,,58.46643173692985,41.81675562237442,16.649676114555426,-17.2258332671001,23981,24732,True,True,experiments/runs/confirmatory_cuda,1,16.649676114555426,5.0,11.649676114555426,False
1,skin_tone_steering_confirmatory_v1,6e7e5a62a18ebfe6,500023,prompt_only,-2.0,True,True,images/seed_500023/prompt_only/alpha_m2p000.png,0.9697845578193661,,0.282353520393371,0.9859803230745601,0.817624950518772,2.106331717917965,2.203766362504383,2.011248379023765,3.6521691538781123,True,0.6585654607761401,4,4,[],white_reference_bilateral_cheek_median_cielab_ita_v2,True,,60.693753820429315,69.39617213534123,-8.702418314911917,2.772215252244621,15708,10016,True,True,experiments/runs/confirmatory_cuda,-1,8.702418314911917,5.0,3.7024183149119168,False
1,skin_tone_steering_confirmatory_v1,6e7e5a62a18ebfe6,500023,prompt_only,0.2,True,True,images/seed_500023/prompt_only/alpha_p0p200.png,0.983508646488189,,0.053297139704227,0.998014502127698,0.916379746725093,3.015999827461026,0.015656520664444,1.55400939024605,3.392852085024804,True,0.8640837827525191,4,4,[],white_reference_bilateral_cheek_median_cielab_ita_v2,True,,60.693753820429315,57.7270430901187,2.966710730310616,-0.08076322245560101,15708,17095,True,True,experiments/runs/confirmatory_cuda,1,2.966710730310616,5.0,2.033289269689384,True
1,skin_tone_steering_confirmatory_v1,6e7e5a62a18ebfe6,500023,stepwise_masked,-0.75,True,True,images/seed_500023/stepwise_masked/alpha_m0p750.png,0.959405243396759,,0.20877173542976302,0.9906002761230851,0.8318038067985871,1.068878439837482,0.16914501646073,1.38203104346039,1.7553122117820301,True,0.7645677838185351,4,4,[],white_reference_bilateral_cheek_median_cielab_ita_v2,True,,60.693753820429315,66.58818033047302,-5.894426510043708,5.645443396674253,15708,2580,True,True,experiments/runs/confirmatory_cuda,-1,5.894426510043708,5.0,0.8944265100437079,True
1,skin_tone_steering_confirmatory_v1,6e7e5a62a18ebfe6,500023,stepwise_masked,0.5,True,True,images/seed_500023/stepwise_masked/alpha_p0p500.png,0.958328902721405,,0.038898929953575,0.9984345907791121,0.9302983636944091,1.8042047272722201,1.204720735099109,0.8561785471354371,2.332283956139156,True,0.893259112350513,4,4,[],white_reference_bilateral_cheek_median_cielab_ita_v2,True,,60.693753820429315,55.60156290176372,5.092190918665594,-4.799568371942428,15708,21353,True,True,experiments/runs/confirmatory_cuda,1,5.092190918665594,5.0,0.09219091866559381,True
1,skin_tone_steering_confirmatory_v1,6e7e5a62a18ebfe6,500023,stepwise_unmasked,-0.75,True,True,images/seed_500023/stepwise_unmasked/alpha_m0p750.png,0.9468895196914671,,0.255620896816253,0.9887292316046291,0.8157588888480171,0.36350508650656604,1.338159387766574,0.833052555623768,1.617647382903719,True,0.72380727919932,4,4,[],white_reference_bilateral_cheek_median_cielab_ita_v2,True,,60.693753820429315,67.63741706024616,-6.94366323981685,5.645443396674253,15708,3284,True,True,experiments/runs/confirmatory_cuda,-1,6.94366323981685,5.0,1.9436632398168499,True
1,skin_tone_steering_confirmatory_v1,6e7e5a62a18ebfe6,500023,stepwise_unmasked,0.5,True,True,images/seed_500023/stepwise_unmasked/alpha_p0p500.png,0.9625935554504391,,0.069898471236228,0.9974274874295491,0.894241950738327,1.815071790749174,0.15467387136305402,1.195207082388184,2.178744955667534,True,0.8726121052294231,4,4,[],white_reference_bilateral_cheek_median_cielab_ita_v2,True,,60.693753820429315,54.01425787258352,6.679495947845794,-5.730502064177941,15708,22219,True,True,experiments/runs/confirmatory_cuda,1,6.679495947845794,5.0,1.679495947845794,True
1,skin_tone_steering_confirmatory_v1,6e7e5a62a18ebfe6,500024,prompt_only,-2.0,True,True,images/seed_500024/prompt_only/alpha_m2p000.png,0.9735136032104491,,0.42294925451278603,0.9093755964117951,0.7054841552994531,18.0485975677315,1.787887297474989,0.436000496089723,18.14217494081088,False,0.5924115003068671,2,4,[],white_reference_bilateral_cheek_median_cielab_ita_v2,True,,62.96629855884925,73.52321704691931,-10.55691848807006,3.308616814313751,12915,5772,True,True,experiments/runs/confirmatory_cuda,-1,10.55691848807006,5.0,5.55691848807006,False
1,skin_tone_steering_confirmatory_v1,6e7e5a62a18ebfe6,500024,prompt_only,0.2,True,True,images/seed_500024/prompt_only/alpha_p0p200.png,0.9948590993881221,,0.157655209302902,0.9570622204654111,0.8310469540360891,0.46666116285693304,2.561875967573534,4.42606337193569,5.135271958381615,False,0.730958376301147,3,4,[],white_reference_bilateral_cheek_median_cielab_ita_v2,True,,62.96629855884925,55.685990945262574,7.280307613586679,-3.554377964111808,12915,14630,True,True,experiments/runs/confirmatory_cuda,1,7.280307613586679,5.0,2.280307613586679,True
1,skin_tone_steering_confirmatory_v1,6e7e5a62a18ebfe6,500024,stepwise_masked,-1.0,True,True,images/seed_500024/stepwise_masked/alpha_m1p000.png,0.993759751319885,,0.259124845266342,0.939515905692291,0.7795995139170571,8.095578708303824,0.540836078099048,1.035672647960463,8.179456957491078,False,0.6416015121127441,3,4,[],white_reference_bilateral_cheek_median_cielab_ita_v2,True,,62.96629855884925,67.51511091216884,-4.548812353319583,3.8583681149907822,12915,8823,True,True,experiments/runs/confirmatory_cuda,-1,4.548812353319583,5.0,0.4511876466804168,True
1,skin_tone_steering_confirmatory_v1,6e7e5a62a18ebfe6,500024,stepwise_masked,0.5,True,True,images/seed_500024/stepwise_masked/alpha_p0p500.png,0.991456508636474,,0.092590570449829,0.9698334312554181,0.8625257188022891,1.392073098300944,2.51301930124723,3.236096089129084,4.327291464360918,True,0.803913453235318,4,4,[],white_reference_bilateral_cheek_median_cielab_ita_v2,True,,62.96629855884925,58.44257467941455,4.523723879434705,-1.878365215602428,12915,15383,True,True,experiments/runs/confirmatory_cuda,1,4.523723879434705,5.0,0.476276120565295,True
1,skin_tone_steering_confirmatory_v1,6e7e5a62a18ebfe6,500024,stepwise_unmasked,-0.75,True,True,images/seed_500024/stepwise_unmasked/alpha_m0p750.png,0.9840283393859861,,0.256276279687881,0.9459448473392431,0.7721089717931781,6.932606119558789,1.074272923324594,0.505307516194172,7.033521565237052,False,0.6419332726979871,3,4,[],white_reference_bilateral_cheek_median_cielab_ita_v2,True,,62.96629855884925,68.20564914021213,-5.239350581362878,2.284609876340724,12915,10744,True,True,experiments/runs/confirmatory_cuda,-1,5.239350581362878,5.0,0.2393505813628778,True
1,skin_tone_steering_confirmatory_v1,6e7e5a62a18ebfe6,500024,stepwise_unmasked,0.5,True,True,images/seed_500024/stepwise_unmasked/alpha_p0p500.png,0.9933884143829341,,0.18758699297904902,0.9405948880418841,0.7978212837437311,1.027408600381154,1.5162989857538751,1.49090555170134,2.361679574038203,True,0.7673048939039081,4,4,[],white_reference_bilateral_cheek_median_cielab_ita_v2,True,,62.96629855884925,59.07173691379814,3.894561645051112,0.089603692346472,12915,15207,True,True,experiments/runs/confirmatory_cuda,1,3.894561645051112,5.0,1.105438354948888,True
1,skin_tone_steering_confirmatory_v1,6e7e5a62a18ebfe6,500025,prompt_only,-2.0,True,True,images/seed_500025/prompt_only/alpha_m2p000.png,0.9872750043869011,,0.170507714152336,0.999013952457344,0.855780156750756,0.964494323784388,0.8479987391423031,2.656686318371212,2.950819099236689,True,0.779121375484893,4,4,[],white_reference_bilateral_cheek_median_cielab_ita_v2,True,,63.47583155048637,71.43679669931662,-7.960965148830247,2.533331068986342,25099,25181,True,True,experiments/runs/confirmatory_cuda,-1,7.960965148830247,5.0,2.9609651488302466,True
1,skin_tone_steering_confirmatory_v1,6e7e5a62a18ebfe6,500025,prompt_only,0.2,True,True,images/seed_500025/prompt_only/alpha_p0p200.png,0.977698922157287,,0.07968009263277001,0.9994914064099341,0.890850056655443,0.306952944538573,0.582731628312094,1.197694228193594,1.366845903913245,True,0.89093872261966,4,4,[],white_reference_bilateral_cheek_median_cielab_ita_v2,True,,63.47583155048637,58.94440959535256,4.531421955133808,-1.558086242245323,25099,28607,True,True,experiments/runs/confirmatory_cuda,1,4.531421955133808,5.0,0.4685780448661916,True
1,skin_tone_steering_confirmatory_v1,6e7e5a62a18ebfe6,500025,stepwise_masked,-1.0,True,True,images/seed_500025/stepwise_masked/alpha_m1p000.png,0.985142230987548,,0.13579870760440801,0.9994020953400211,0.8623315256450581,0.7861433196470641,0.45742060934129003,1.615189414783456,1.85366981377601,True,0.8347715254405951,4,4,[],white_reference_bilateral_cheek_median_cielab_ita_v2,True,,63.47583155048637,67.91283327730615,-4.43700172681978,4.83306510916691,25099,9000,True,True,experiments/runs/confirmatory_cuda,-1,4.43700172681978,5.0,0.5629982731802201,True
1,skin_tone_steering_confirmatory_v1,6e7e5a62a18ebfe6,500025,stepwise_masked,0.375,True,True,images/seed_500025/stepwise_masked/alpha_p0p375.png,0.9692081212997431,,0.23852726817131,0.9993711660076341,0.78285879574865,0.48478258469830304,0.41480380824483004,1.831669407053025,1.939610571866209,True,0.7410328492165651,4,4,[],white_reference_bilateral_cheek_median_cielab_ita_v2,True,,63.47583155048637,56.99054895430938,6.485282596176987,-6.043209519055338,25099,31680,True,True,experiments/runs/confirmatory_cuda,1,6.485282596176987,5.0,1.4852825961769867,True
1,skin_tone_steering_confirmatory_v1,6e7e5a62a18ebfe6,500025,stepwise_unmasked,-0.75,True,True,images/seed_500025/stepwise_unmasked/alpha_m0p750.png,0.99033898115158,,0.13328847289085302,0.999228439465461,0.8723102594154071,0.750629352749528,0.9395345706343611,0.8253240384818791,1.458536733552606,True,0.8486470820503481,4,4,[],white_reference_bilateral_cheek_median_cielab_ita_v2,True,,63.47583155048637,67.45590837527958,-3.980076824793208,3.658012752061978,25099,16866,True,True,experiments/runs/confirmatory_cuda,-1,3.980076824793208,5.0,1.019923175206792,True
1,skin_tone_steering_confirmatory_v1,6e7e5a62a18ebfe6,500025,stepwise_unmasked,0.5,True,True,images/seed_500025/stepwise_unmasked/alpha_p0p500.png,0.9494165778160091,,0.280141174793243,0.999029813575214,0.7483289905650851,1.9892578225922042,0.839284149225857,0.877964527576483,2.330743718122747,True,0.689069098127369,4,4,[],white_reference_bilateral_cheek_median_cielab_ita_v2,True,,63.47583155048637,53.73723649648912,9.738595053997251,-10.557426133718295,25099,32032,True,True,experiments/runs/confirmatory_cuda,1,9.738595053997251,5.0,4.738595053997251,False
1,skin_tone_steering_confirmatory_v1,6e7e5a62a18ebfe6,500026,prompt_only,-2.0,True,True,images/seed_500026/prompt_only/alpha_m2p000.png,0.985924959182739,,0.37637436389923,0.93620729207952,0.7795904415427221,8.804951062899224,2.965871106112279,1.551721238704576,9.419734255315737,False,0.603773682713407,2,4,[],white_reference_bilateral_cheek_median_cielab_ita_v2,True,,54.76246280278951,73.03199242423013,-18.26952962144062,9.491837142435159,12074,12164,True,True,experiments/runs/confirmatory_cuda,-1,18.26952962144062,5.0,13.269529621440618,False
1,skin_tone_steering_confirmatory_v1,6e7e5a62a18ebfe6,500026,prompt_only,0.2,True,True,images/seed_500026/prompt_only/alpha_p0p200.png,0.97114086151123,,0.136194810271263,0.977634884795851,0.877718217276741,3.273630645145018,0.857550471851764,1.150767056409143,3.574397184242727,True,0.7807309394335531,4,4,[],white_reference_bilateral_cheek_median_cielab_ita_v2,True,,54.76246280278951,55.21620186420133,-0.453739061411823,3.360136381283453,12074,11208,True,True,experiments/runs/confirmatory_cuda,1,-0.453739061411823,5.0,5.453739061411823,False
1,skin_tone_steering_confirmatory_v1,6e7e5a62a18ebfe6,500026,stepwise_masked,-1.0,True,True,images/seed_500026/stepwise_masked/alpha_m1p000.png,0.9858352541923521,,0.06915970146656,0.989642537066246,0.93319070858018,1.089886365259088,0.838321132220568,0.23569876475310203,1.395058607231747,True,0.899589304852433,4,4,[],white_reference_bilateral_cheek_median_cielab_ita_v2,True,,54.76246280278951,58.004215527024975,-3.241752724235468,3.37845820515065,12074,7067,True,True,experiments/runs/confirmatory_cuda,-1,3.241752724235468,5.0,1.758247275764532,True
1,skin_tone_steering_confirmatory_v1,6e7e5a62a18ebfe6,500026,stepwise_masked,0.375,True,True,images/seed_500026/stepwise_masked/alpha_p0p375.png,0.95914626121521,,0.083058096468448,0.9817931327400451,0.9195502502986491,0.328731516902913,1.390053483184318,0.425437740281414,1.490406108137611,True,0.873652898046901,4,4,[],white_reference_bilateral_cheek_median_cielab_ita_v2,True,,54.76246280278951,50.70800522782869,4.054457574960814,-2.156378972076155,12074,11478,True,True,experiments/runs/confirmatory_cuda,1,4.054457574960814,5.0,0.9455424250391857,True
1,skin_tone_steering_confirmatory_v1,6e7e5a62a18ebfe6,500026,stepwise_unmasked,-0.75,True,True,images/seed_500026/stepwise_unmasked/alpha_m0p750.png,0.9856541156768791,,0.07642754912376401,0.987958159373665,0.92424292986163,2.596249227086545,1.165329609718152,0.6705725264826321,2.923725476460922,True,0.85482707204092,4,4,[],white_reference_bilateral_cheek_median_cielab_ita_v2,True,,54.76246280278951,62.811955956782406,-8.049493153992898,5.443650963757179,12074,9927,True,True,experiments/runs/confirmatory_cuda,-1,8.049493153992898,5.0,3.0494931539928984,False
1,skin_tone_steering_confirmatory_v1,6e7e5a62a18ebfe6,500026,stepwise_unmasked,0.5,True,True,images/seed_500026/stepwise_unmasked/alpha_p0p500.png,0.943788588047027,,0.12563480436801902,0.969665258497951,0.884931496189682,0.5402497591534811,1.157854551090558,1.335285164536773,1.8481026579653281,True,0.8204387983863071,4,4,[],white_reference_bilateral_cheek_median_cielab_ita_v2,True,,54.76246280278951,46.9550259214455,7.80743688134401,-4.994640598726761,12074,11478,True,True,experiments/runs/confirmatory_cuda,1,7.80743688134401,5.0,2.8074368813440103,True
1,skin_tone_steering_confirmatory_v1,6e7e5a62a18ebfe6,500027,prompt_only,-2.0,True,True,images/seed_500027/prompt_only/alpha_m2p000.png,0.9754109978675841,,0.41538172960281305,0.9998357826499571,0.679578326307341,3.559487637669778,2.241016086870331,6.344278689317939,7.611962784464289,False,0.6157380698628331,2,4,[],white_reference_bilateral_cheek_median_cielab_ita_v2,True,,59.98405723413463,70.71525814450052,-10.731200910365892,5.422539105897172,30390,23448,True,True,experiments/runs/confirmatory_cuda,-1,10.731200910365892,5.0,5.731200910365892,False
1,skin_tone_steering_confirmatory_v1,6e7e5a62a18ebfe6,500027,prompt_only,0.2,True,True,images/seed_500027/prompt_only/alpha_p0p200.png,0.9827160835266111,,0.096909254789352,0.9998866266250791,0.8606982385024131,1.377731198252333,2.066045418957099,1.449990811900465,2.8756147659982543,True,0.8408421065043321,4,4,[],white_reference_bilateral_cheek_median_cielab_ita_v2,True,,59.98405723413463,58.05216735044449,1.931889883690139,0.349042129633787,30390,32269,True,True,experiments/runs/confirmatory_cuda,1,1.931889883690139,5.0,3.068110116309861,False
1,skin_tone_steering_confirmatory_v1,6e7e5a62a18ebfe6,500027,stepwise_masked,-0.75,True,True,images/seed_500027/stepwise_masked/alpha_m0p750.png,0.9527589082717891,,0.070904053747653,0.999897171239232,0.8971616081511811,0.234658178160136,1.175417183378938,0.011512495944602,1.198666990086398,True,0.8932054972031911,4,4,[],white_reference_bilateral_cheek_median_cielab_ita_v2,True,,59.98405723413463,66.81016765630164,-6.826110422167012,5.337863947517263,30390,25712,True,True,experiments/runs/confirmatory_cuda,-1,6.826110422167012,5.0,1.8261104221670124,True
1,skin_tone_steering_confirmatory_v1,6e7e5a62a18ebfe6,500027,stepwise_masked,0.5,True,True,images/seed_500027/stepwise_masked/alpha_p0p500.png,0.9911395311355591,,0.044487502425909,0.9999051672015921,0.922626095003313,1.57479631504578,0.521860627835096,0.287813591267755,1.683792924348078,True,0.9174858741792731,4,4,[],white_reference_bilateral_cheek_median_cielab_ita_v2,True,,59.98405723413463,56.643892001991794,3.3401652321428372,-4.636700525070367,30390,32393,True,True,experiments/runs/confirmatory_cuda,1,3.3401652321428372,5.0,1.6598347678571628,True
1,skin_tone_steering_confirmatory_v1,6e7e5a62a18ebfe6,500027,stepwise_unmasked,-0.75,True,True,images/seed_500027/stepwise_unmasked/alpha_m0p750.png,0.9506340026855461,,0.13712881505489302,0.9998274224629731,0.842355543085597,1.294881235012231,0.404028718629563,2.845244983851931,3.152043089235746,True,0.7883695168461851,4,4,[],white_reference_bilateral_cheek_median_cielab_ita_v2,True,,59.98405723413463,68.76702461060351,-8.782967376468882,4.72291308433077,30390,32270,True,True,experiments/runs/confirmatory_cuda,-1,8.782967376468882,5.0,3.782967376468882,False
1,skin_tone_steering_confirmatory_v1,6e7e5a62a18ebfe6,500027,stepwise_unmasked,0.5,True,True,images/seed_500027/stepwise_unmasked/alpha_p0p500.png,0.9912005662918091,,0.09749060869216901,0.999859792744174,0.862727356020744,0.9551091514055061,0.9157986306512611,0.0056261090782450006,1.3232355331174541,True,0.8823420983073941,4,4,[],white_reference_bilateral_cheek_median_cielab_ita_v2,True,,59.98405723413463,56.530467267006884,3.4535899671277472,-4.440954098860487,30390,29378,True,True,experiments/runs/confirmatory_cuda,1,3.4535899671277472,5.0,1.5464100328722528,True
1,skin_tone_steering_confirmatory_v1,6e7e5a62a18ebfe6,500028,prompt_only,-2.0,True,True,images/seed_500028/prompt_only/alpha_m2p000.png,0.9939658641815181,,0.29894217848777704,0.9899047651017351,0.7993927351750141,2.687086637391443,2.005253351478497,2.269353735687218,4.048634581947466,True,0.644879043721668,4,4,[],white_reference_bilateral_cheek_median_cielab_ita_v2,True,,63.75302803067399,70.9922871048114,-7.239259074137408,0.5395698920688681,25696,30503,True,True,experiments/runs/confirmatory_cuda,-1,7.239259074137408,5.0,2.239259074137408,True
1,skin_tone_steering_confirmatory_v1,6e7e5a62a18ebfe6,500028,prompt_only,0.2,True,True,images/seed_500028/prompt_only/alpha_p0p200.png,0.969659030437469,,0.41262865066528304,0.990576272715838,0.729840462975563,0.238732583123505,1.764717453226353,5.964458885972325,6.224627759024693,False,0.6112662045930101,2,4,[],white_reference_bilateral_cheek_median_cielab_ita_v2,True,,63.75302803067399,58.06407914017801,5.688948890495979,-1.210303827378112,25696,22063,True,True,experiments/runs/confirmatory_cuda,1,5.688948890495979,5.0,0.6889488904959791,True
1,skin_tone_steering_confirmatory_v1,6e7e5a62a18ebfe6,500028,stepwise_masked,-1.0,True,True,images/seed_500028/stepwise_masked/alpha_m1p000.png,0.9959863424301141,,0.144278496503829,0.990150265328508,0.8994773542956981,1.4785567573579341,2.41772686346862,0.227092883391589,2.84308009889868,True,0.804723361851095,4,4,[],white_reference_bilateral_cheek_median_cielab_ita_v2,True,,63.75302803067399,67.45140784747639,-3.698379816802401,3.98729735669184,25696,10249,True,True,experiments/runs/confirmatory_cuda,-1,3.698379816802401,5.0,1.301620183197599,True
1,skin_tone_steering_confirmatory_v1,6e7e5a62a18ebfe6,500028,stepwise_masked,0.5,True,True,images/seed_500028/stepwise_masked/alpha_p0p500.png,0.961033701896667,,0.412243634462356,0.9921604774082601,0.7153805053373501,2.750790411079535,3.109050422171357,5.339806355933455,6.763621391840199,False,0.608427757563315,2,4,[],white_reference_bilateral_cheek_median_cielab_ita_v2,True,,63.75302803067399,58.255319128676376,5.497708901997612,-5.329933205010334,25696,29672,True,True,experiments/runs/confirmatory_cuda,1,5.497708901997612,5.0,0.497708901997612,True
1,skin_tone_steering_confirmatory_v1,6e7e5a62a18ebfe6,500028,stepwise_unmasked,-0.75,True,True,images/seed_500028/stepwise_unmasked/alpha_m0p750.png,0.9943706393241881,,0.15618766844272602,0.9906039635714861,0.89661180452133,0.26596646779003,1.30278646651438,0.306532770854384,1.364534015306836,True,0.8312702398878321,4,4,[],white_reference_bilateral_cheek_median_cielab_ita_v2,True,,63.75302803067399,69.86218721764071,-6.109159186966721,3.761657834743431,25696,17928,True,True,experiments/runs/confirmatory_cuda,-1,6.109159186966721,5.0,1.1091591869667212,True
1,skin_tone_steering_confirmatory_v1,6e7e5a62a18ebfe6,500028,stepwise_unmasked,0.5,True,True,images/seed_500028/stepwise_unmasked/alpha_p0p500.png,0.9463760852813721,,0.43551629781723006,0.9900410891040571,0.693268573253719,0.7486343130744301,2.5967615265539132,5.229346675083323,5.886398763990428,False,0.602401304256529,2,4,[],white_reference_bilateral_cheek_median_cielab_ita_v2,True,,63.75302803067399,54.97373123882702,8.779296791846967,-8.234793688497618,25696,28309,True,True,experiments/runs/confirmatory_cuda,1,8.779296791846967,5.0,3.779296791846967,False
1,skin_tone_steering_confirmatory_v1,6e7e5a62a18ebfe6,500029,prompt_only,-2.0,True,True,images/seed_500029/prompt_only/alpha_m2p000.png,0.9440319538116451,,0.38267707824707003,0.8922677346315431,0.7852206814657691,0.593298564933993,3.860031734619663,0.48129884023517905,3.934907464354829,False,0.6037062297283821,3,4,[],white_reference_bilateral_cheek_median_cielab_ita_v2,True,,49.02951862018585,65.88022437897075,-16.850705758784905,8.695336978036082,9242,8263,True,True,experiments/runs/confirmatory_cuda,-1,16.850705758784905,5.0,11.850705758784905,False
1,skin_tone_steering_confirmatory_v1,6e7e5a62a18ebfe6,500029,prompt_only,0.2,True,True,images/seed_500029/prompt_only/alpha_p0p200.png,0.9784635305404661,,0.10039213299751201,0.967216246209822,0.8965851807668,1.150243973043856,1.9991507492996952,1.367436393447938,2.6813331024091642,True,0.83303444711364,4,4,[],white_reference_bilateral_cheek_median_cielab_ita_v2,True,,49.02951862018585,50.05644802950768,-1.02692940932183,2.660949484844792,9242,8104,True,True,experiments/runs/confirmatory_cuda,1,-1.02692940932183,5.0,6.02692940932183,False
1,skin_tone_steering_confirmatory_v1,6e7e5a62a18ebfe6,500029,stepwise_masked,-0.75,True,True,images/seed_500029/stepwise_masked/alpha_m0p750.png,0.9570391178131101,,0.076373636722564,0.9855453643905641,0.9264492239128591,0.23942583770958,1.043019988925003,0.8281222620848501,1.353145191773809,True,0.882802683214408,4,4,[],white_reference_bilateral_cheek_median_cielab_ita_v2,True,,49.02951862018585,59.122210303878234,-10.092691683692387,6.43949463354032,9242,7774,True,True,experiments/runs/confirmatory_cuda,-1,10.092691683692387,5.0,5.092691683692387,False
1,skin_tone_steering_confirmatory_v1,6e7e5a62a18ebfe6,500029,stepwise_masked,0.375,True,True,images/seed_500029/stepwise_masked/alpha_p0p375.png,0.9841422438621521,,0.04227565601468,0.986959079692953,0.9412448225535901,0.8820358445472041,0.32108442124318304,1.020472988537904,1.386523550815727,True,0.9209003092555851,4,4,[],white_reference_bilateral_cheek_median_cielab_ita_v2,True,,49.02951862018585,39.58549622059747,9.444022399588377,-6.341023818114039,9242,9792,True,True,experiments/runs/confirmatory_cuda,1,9.444022399588377,5.0,4.444022399588377,False
1,skin_tone_steering_confirmatory_v1,6e7e5a62a18ebfe6,500029,stepwise_unmasked,-0.75,True,True,images/seed_500029/stepwise_unmasked/alpha_m0p750.png,0.9357028007507321,,0.10392813384532901,0.9775684151108041,0.9114863865541041,0.782042869204516,1.8626814927200221,1.896925259500614,2.771190869053735,True,0.814394104128441,4,4,[],white_reference_bilateral_cheek_median_cielab_ita_v2,True,,49.02951862018585,62.53221557645038,-13.502696956264536,7.990391081825734,9242,7994,True,True,experiments/runs/confirmatory_cuda,-1,13.502696956264536,5.0,8.502696956264536,False
1,skin_tone_steering_confirmatory_v1,6e7e5a62a18ebfe6,500029,stepwise_unmasked,0.5,True,True,images/seed_500029/stepwise_unmasked/alpha_p0p500.png,0.985595166683197,,0.106669567525386,0.961097484795377,0.8971465885862681,0.145190389573067,0.6887757122674371,1.037683699137956,1.253905774167472,True,0.8646336080797,4,4,[],white_reference_bilateral_cheek_median_cielab_ita_v2,True,,49.02951862018585,34.225719798176996,14.80379882200885,-9.476653800600872,9242,9298,True,True,experiments/runs/confirmatory_cuda,1,14.80379882200885,5.0,9.80379882200885,False
