schema_version,study_id,config_fingerprint,seed,method,alpha,generation_complete,evaluation_complete,image_path,face_similarity,landmark_rmse,lpips,background_ssim,overall_ssim,yaw_diff,pitch_diff,roll_diff,total_pose_diff,is_disentangled,overall_score,pass_count,total_count,missing_required_metrics,skin_tone_metric,skin_tone_complete,skin_tone_failure,original_ita,edited_ita,skin_tone_change,lightness_change,original_skin_pixels,edited_skin_pixels,original_white_normalized,edited_white_normalized,run,direction,aligned_change,target_change,match_distance,match_complete
1,skin_tone_steering_independent_seed_replication_v1,fa694f8bb214c219,600000,prompt_only,-2.0,True,True,images/seed_600000/prompt_only/alpha_m2p000.png,0.982793092727661,,0.23034563660621601,0.9728307283874841,0.8616843469597301,1.507532468249558,1.168009125229092,0.35906662619816504,1.9405742195273972,True,0.746286039209712,4,4,[],white_reference_bilateral_cheek_median_cielab_ita_v2,True,,60.18103093584501,68.40574702062955,-8.22471608478454,4.242884792192754,10621,10555,True,True,experiments/runs/replication_cuda,-1,8.22471608478454,5.0,3.2247160847845393,False
1,skin_tone_steering_independent_seed_replication_v1,fa694f8bb214c219,600000,prompt_only,0.2,True,True,images/seed_600000/prompt_only/alpha_p0p200.png,0.986995756626129,,0.064620822668075,0.990694489817412,0.9306718314877661,0.628714352701356,0.097570240717987,0.729941782815811,0.9683060959566331,True,0.9147386932335061,4,4,[],white_reference_bilateral_cheek_median_cielab_ita_v2,True,,60.18103093584501,55.22127902140596,4.959751914439046,-0.32022556601700103,10621,11252,True,True,experiments/runs/replication_cuda,1,4.959751914439046,5.0,0.04024808556095394,True
1,skin_tone_steering_independent_seed_replication_v1,fa694f8bb214c219,600000,stepwise_masked,-0.75,True,True,images/seed_600000/stepwise_masked/alpha_m0p750.png,0.98838597536087,,0.056738302111625005,0.9907914562393101,0.9354139968911771,0.48069952393428206,0.014017197307492001,0.236051664422109,0.5357134517701141,True,0.9326678500995461,4,4,[],white_reference_bilateral_cheek_median_cielab_ita_v2,True,,60.18103093584501,67.10617064526681,-6.925139709421806,5.321703274184685,10621,5247,True,True,experiments/runs/replication_cuda,-1,6.925139709421806,5.0,1.9251397094218063,True
1,skin_tone_steering_independent_seed_replication_v1,fa694f8bb214c219,600000,stepwise_masked,0.375,True,True,images/seed_600000/stepwise_masked/alpha_p0p375.png,0.989939510822296,,0.040954194962978,0.9925960502454221,0.9499638464676221,0.34673306180872104,1.190298531984162,0.11368520186277001,1.244973387875211,True,0.929123498620354,4,4,[],white_reference_bilateral_cheek_median_cielab_ita_v2,True,,60.18103093584501,54.613669643064924,5.567361292780085,-5.881072048914703,10621,12870,True,True,experiments/runs/replication_cuda,1,5.567361292780085,5.0,0.5673612927800846,True
1,skin_tone_steering_independent_seed_replication_v1,fa694f8bb214c219,600000,stepwise_unmasked,-0.75,True,True,images/seed_600000/stepwise_unmasked/alpha_m0p750.png,0.9754614233970641,,0.08020441234111701,0.9879756201065201,0.91753491202183,0.33684043352680904,0.886401445832208,0.525203647418187,1.083977800553741,True,0.8938554835024201,4,4,[],white_reference_bilateral_cheek_median_cielab_ita_v2,True,,60.18103093584501,68.80178428001027,-8.620753344165259,6.054038562348893,10621,6053,True,True,experiments/runs/replication_cuda,-1,8.620753344165259,5.0,3.6207533441652586,False
1,skin_tone_steering_independent_seed_replication_v1,fa694f8bb214c219,600000,stepwise_unmasked,0.5,True,True,images/seed_600000/stepwise_unmasked/alpha_p0p500.png,0.9811064600944511,,0.092785865068435,0.9828757957842741,0.903706631728413,0.038877194294498006,0.8855007355373681,0.10399384085153301,0.892433587337728,True,0.8890014775743481,4,4,[],white_reference_bilateral_cheek_median_cielab_ita_v2,True,,60.18103093584501,51.007889911595726,9.173141024249283,-8.708983141299413,10621,12339,True,True,experiments/runs/replication_cuda,1,9.173141024249283,5.0,4.173141024249283,False
1,skin_tone_steering_independent_seed_replication_v1,fa694f8bb214c219,600001,prompt_only,-2.0,True,True,images/seed_600001/prompt_only/alpha_m2p000.png,0.970399975776672,,0.45528095960617004,0.9315551842181561,0.7565122724303831,0.342083469983661,0.090523649349929,3.108877763754616,3.128951354926374,False,0.6435650030976321,3,4,[],white_reference_bilateral_cheek_median_cielab_ita_v2,True,,53.445605142803494,69.82135882582288,-16.37575368301939,9.474937358554513,10757,10339,True,True,experiments/runs/replication_cuda,-1,16.37575368301939,5.0,11.37575368301939,False
1,skin_tone_steering_independent_seed_replication_v1,fa694f8bb214c219,600001,prompt_only,0.2,True,True,images/seed_600001/prompt_only/alpha_p0p200.png,0.9974267482757561,,0.071422755718231,0.9735933459786451,0.9165978562374251,0.24073927705279702,0.749222855652362,1.256823570753814,1.4828674165110491,True,0.8958427185867681,4,4,[],white_reference_bilateral_cheek_median_cielab_ita_v2,True,,53.445605142803494,51.527325014218185,1.9182801285853082,0.553801351871001,10757,10198,True,True,experiments/runs/replication_cuda,1,1.9182801285853082,5.0,3.081719871414692,False
1,skin_tone_steering_independent_seed_replication_v1,fa694f8bb214c219,600001,stepwise_masked,-0.75,True,True,images/seed_600001/stepwise_masked/alpha_m0p750.png,0.974869132041931,,0.05326909571886,0.9788975931964531,0.9370932927512401,0.8180732718960411,0.651977440334363,0.335183444523026,1.098483683255223,True,0.9134473176344061,4,4,[],white_reference_bilateral_cheek_median_cielab_ita_v2,True,,53.445605142803494,64.42875325615653,-10.983148113353032,7.517140363880529,10757,7132,True,True,experiments/runs/replication_cuda,-1,10.983148113353032,5.0,5.983148113353032,False
1,skin_tone_steering_independent_seed_replication_v1,fa694f8bb214c219,600001,stepwise_masked,0.375,True,True,images/seed_600001/stepwise_masked/alpha_p0p375.png,0.9723867774009701,,0.050475269556045005,0.9750200304181911,0.9422555941243631,0.336917841967788,1.110312796670816,1.382330043485199,1.804756074323894,True,0.8962184226417761,4,4,[],white_reference_bilateral_cheek_median_cielab_ita_v2,True,,53.445605142803494,46.92989062488788,6.515714517915612,-4.909706405793656,10757,10978,True,True,experiments/runs/replication_cuda,1,6.515714517915612,5.0,1.5157145179156117,True
1,skin_tone_steering_independent_seed_replication_v1,fa694f8bb214c219,600001,stepwise_unmasked,-0.75,True,True,images/seed_600001/stepwise_unmasked/alpha_m0p750.png,0.9651631116867061,,0.146679863333702,0.9604137764629741,0.889653936612776,0.742998957149502,0.951434743764004,1.750330259777289,2.126248231100629,True,0.801650185775991,4,4,[],white_reference_bilateral_cheek_median_cielab_ita_v2,True,,53.445605142803494,68.97316484399512,-15.527559701191628,9.354530927974167,10757,8353,True,True,experiments/runs/replication_cuda,-1,15.527559701191628,5.0,10.527559701191628,False
1,skin_tone_steering_independent_seed_replication_v1,fa694f8bb214c219,600001,stepwise_unmasked,0.5,True,True,images/seed_600001/stepwise_unmasked/alpha_p0p500.png,0.9728682041168211,,0.07618249207735,0.9639719496788871,0.9130808845954691,0.266272383091862,0.48340376758394804,0.45819672198334704,0.7173035762827761,True,0.8994005644920011,4,4,[],white_reference_bilateral_cheek_median_cielab_ita_v2,True,,53.445605142803494,42.74192595611367,10.703679186689826,-7.765639141983826,10757,10971,True,True,experiments/runs/replication_cuda,1,10.703679186689826,5.0,5.7036791866898255,False
1,skin_tone_steering_independent_seed_replication_v1,fa694f8bb214c219,600002,prompt_only,-2.0,True,True,images/seed_600002/prompt_only/alpha_m2p000.png,0.9969149827957151,,0.398073613643646,0.9163496344860411,0.734137515713281,3.922521599288329,0.39565662251065403,0.21339706378719603,3.948196824710365,False,0.6292256065521441,3,4,[],white_reference_bilateral_cheek_median_cielab_ita_v2,True,,63.36799049558201,75.91489828057173,-12.54690778498972,3.58070518741259,9598,6538,True,True,experiments/runs/replication_cuda,-1,12.54690778498972,5.0,7.54690778498972,False
1,skin_tone_steering_independent_seed_replication_v1,fa694f8bb214c219,600002,prompt_only,0.2,True,True,images/seed_600002/prompt_only/alpha_p0p200.png,0.984046280384063,,0.24410469830036102,0.9406779068864191,0.785150336735228,2.90958076639006,0.251286905926073,2.121847876278925,3.6098537027566993,True,0.685519907379743,4,4,[],white_reference_bilateral_cheek_median_cielab_ita_v2,True,,63.36799049558201,58.88807780978077,4.479912685801246,-1.17271953311473,9598,11900,True,True,experiments/runs/replication_cuda,1,4.479912685801246,5.0,0.5200873141987543,True
1,skin_tone_steering_independent_seed_replication_v1,fa694f8bb214c219,600002,stepwise_masked,-0.75,True,True,images/seed_600002/stepwise_masked/alpha_m0p750.png,0.9904314875602721,,0.310899168252944,0.9264512083794181,0.754377408203419,2.912041225565718,2.378340347786605,2.5952135566027,4.568546849237561,False,0.613810938699017,3,4,[],white_reference_bilateral_cheek_median_cielab_ita_v2,True,,63.36799049558201,67.42727418089488,-4.05928368531287,2.964721136412677,9598,3598,True,True,experiments/runs/replication_cuda,-1,4.05928368531287,5.0,0.9407163146871298,True
1,skin_tone_steering_independent_seed_replication_v1,fa694f8bb214c219,600002,stepwise_masked,0.375,True,True,images/seed_600002/stepwise_masked/alpha_p0p375.png,0.981033444404602,,0.140929862856864,0.9626714952823121,0.835710102448978,2.361567388922004,0.063912691069997,0.5301203621417531,2.421180076503399,True,0.805584361178998,4,4,[],white_reference_bilateral_cheek_median_cielab_ita_v2,True,,63.36799049558201,59.02775212366369,4.340238371918325,-4.63173914907675,9598,17327,True,True,experiments/runs/replication_cuda,1,4.340238371918325,5.0,0.6597616280816752,True
1,skin_tone_steering_independent_seed_replication_v1,fa694f8bb214c219,600002,stepwise_unmasked,-0.75,True,True,images/seed_600002/stepwise_unmasked/alpha_m0p750.png,0.9767575263977051,,0.40305298566818204,0.9150454568028491,0.708371255059533,3.305130588184577,4.019921184495343,0.592898224284925,5.237860521135322,False,0.5950454365998511,2,4,[],white_reference_bilateral_cheek_median_cielab_ita_v2,True,,63.36799049558201,73.40922123104563,-10.041230735463621,5.979726815205595,9598,1693,True,True,experiments/runs/replication_cuda,-1,10.041230735463621,5.0,5.041230735463621,False
1,skin_tone_steering_independent_seed_replication_v1,fa694f8bb214c219,600002,stepwise_unmasked,0.5,True,True,images/seed_600002/stepwise_unmasked/alpha_p0p500.png,0.970946073532104,,0.234397739171981,0.9403614799888921,0.76684308952888,2.665544821241348,2.151148233558291,2.5593955651028573,4.27587108966766,True,0.671966921020085,4,4,[],white_reference_bilateral_cheek_median_cielab_ita_v2,True,,63.36799049558201,54.18473584591747,9.18325464966454,-7.097914773095638,9598,16031,True,True,experiments/runs/replication_cuda,1,9.18325464966454,5.0,4.183254649664541,False
1,skin_tone_steering_independent_seed_replication_v1,fa694f8bb214c219,600003,prompt_only,-2.0,True,True,images/seed_600003/prompt_only/alpha_m2p000.png,0.9890025258064271,,0.280866891145706,0.9848987199961291,0.796932409695942,0.16404281830143402,1.249465272967442,0.708826122954559,1.445858909842407,True,0.7218984118089601,4,4,[],white_reference_bilateral_cheek_median_cielab_ita_v2,True,,55.097781341731256,69.6167801767285,-14.518998834997241,8.789158460885716,17596,19094,True,True,experiments/runs/replication_cuda,-1,14.518998834997241,5.0,9.518998834997241,False
1,skin_tone_steering_independent_seed_replication_v1,fa694f8bb214c219,600003,prompt_only,0.2,True,True,images/seed_600003/prompt_only/alpha_p0p200.png,0.980140686035156,,0.038818471133708,0.9968231364525891,0.9326725831049361,0.5550703339782921,0.5393195983215441,0.683377107901995,1.032459673014389,True,0.9335983236062131,4,4,[],white_reference_bilateral_cheek_median_cielab_ita_v2,True,,55.097781341731256,53.45975943405661,1.638021907674648,1.953213582488146,17596,17400,True,True,experiments/runs/replication_cuda,1,1.638021907674648,5.0,3.361978092325352,False
1,skin_tone_steering_independent_seed_replication_v1,fa694f8bb214c219,600003,stepwise_masked,-0.75,True,True,images/seed_600003/stepwise_masked/alpha_m0p750.png,0.9829734563827511,,0.045937012881040004,0.996511717916244,0.933671401755896,0.006416043741763001,0.103694546170828,0.385257526304486,0.39902015750726405,True,0.9444866276173771,4,4,[],white_reference_bilateral_cheek_median_cielab_ita_v2,True,,55.097781341731256,64.2073778738195,-9.10959653208824,8.768034337347473,17596,11130,True,True,experiments/runs/replication_cuda,-1,9.10959653208824,5.0,4.10959653208824,False
1,skin_tone_steering_independent_seed_replication_v1,fa694f8bb214c219,600003,stepwise_masked,0.375,True,True,images/seed_600003/stepwise_masked/alpha_p0p375.png,0.988768517971038,,0.016229979693889,0.9976343923509191,0.9646991425393161,0.5926807831784681,0.705722564852135,0.836934009544808,1.244898945948332,True,0.95054933559992,4,4,[],white_reference_bilateral_cheek_median_cielab_ita_v2,True,,55.097781341731256,47.65698883968328,7.440792502047977,-7.335898627947017,17596,19382,True,True,experiments/runs/replication_cuda,1,7.440792502047977,5.0,2.4407925020479766,True
1,skin_tone_steering_independent_seed_replication_v1,fa694f8bb214c219,600003,stepwise_unmasked,-0.75,True,True,images/seed_600003/stepwise_unmasked/alpha_m0p750.png,0.9792360663414,,0.10507876425981501,0.992177390045725,0.8868400125166991,1.282823008051538,0.039433872049619005,1.182370292823322,1.745047108132709,True,0.8590660578029591,4,4,[],white_reference_bilateral_cheek_median_cielab_ita_v2,True,,55.097781341731256,65.1725654396807,-10.07478409794944,8.32048364157339,17596,12139,True,True,experiments/runs/replication_cuda,-1,10.07478409794944,5.0,5.07478409794944,False
1,skin_tone_steering_independent_seed_replication_v1,fa694f8bb214c219,600003,stepwise_unmasked,0.5,True,True,images/seed_600003/stepwise_unmasked/alpha_p0p500.png,0.954158544540405,,0.05525017902255001,0.992265424710787,0.9199142678460541,1.197733463761682,0.043157108183239,0.7133239643425711,1.394725444059403,True,0.899965858426738,4,4,[],white_reference_bilateral_cheek_median_cielab_ita_v2,True,,55.097781341731256,42.12672593963517,12.971055402096084,-10.859632584431893,17596,18730,True,True,experiments/runs/replication_cuda,1,12.971055402096084,5.0,7.971055402096084,False
1,skin_tone_steering_independent_seed_replication_v1,fa694f8bb214c219,600004,prompt_only,-2.0,True,True,images/seed_600004/prompt_only/alpha_m2p000.png,0.9861204624176021,,0.22951105237007102,0.9914674173746211,0.825812563219382,0.118701799084827,0.19797121328211,2.878673324385443,2.88791323050446,True,0.729204986679252,4,4,[],white_reference_bilateral_cheek_median_cielab_ita_v2,True,,61.21928568950004,72.78964373088937,-11.570358041389326,2.740297915924984,14156,14087,True,True,experiments/runs/replication_cuda,-1,11.570358041389326,5.0,6.570358041389326,False
1,skin_tone_steering_independent_seed_replication_v1,fa694f8bb214c219,600004,prompt_only,0.2,True,True,images/seed_600004/prompt_only/alpha_p0p200.png,0.9773902893066401,,0.16261389851570102,0.9855228176060621,0.878664864005388,1.096030533106301,2.328394568132709,0.472574918855219,2.61649216477753,True,0.78697817667565,4,4,[],white_reference_bilateral_cheek_median_cielab_ita_v2,True,,61.21928568950004,57.454217747321955,3.765067942178085,-1.447332081286987,14156,12488,True,True,experiments/runs/replication_cuda,1,3.765067942178085,5.0,1.234932057821915,True
1,skin_tone_steering_independent_seed_replication_v1,fa694f8bb214c219,600004,stepwise_masked,-0.75,True,True,images/seed_600004/stepwise_masked/alpha_m0p750.png,0.9908253550529481,,0.09521797299385001,0.992463795247404,0.9025220300112711,1.701420499638608,0.790793895049361,0.09814275732029101,1.8787811745523382,True,0.868357616764689,4,4,[],white_reference_bilateral_cheek_median_cielab_ita_v2,True,,61.21928568950004,69.16061370921513,-7.941328019715087,5.327643642925281,14156,3869,True,True,experiments/runs/replication_cuda,-1,7.941328019715087,5.0,2.941328019715087,True
1,skin_tone_steering_independent_seed_replication_v1,fa694f8bb214c219,600004,stepwise_masked,0.375,True,True,images/seed_600004/stepwise_masked/alpha_p0p375.png,0.9946382045745851,,0.071778677403926,0.9890162467616651,0.924767258359085,0.33239634144012303,0.35884784889640103,0.08703810933216301,0.49682465612776405,True,0.9230072074994191,4,4,[],white_reference_bilateral_cheek_median_cielab_ita_v2,True,,61.21928568950004,56.8119629151811,4.407322774318942,-3.924696775872917,14156,15708,True,True,experiments/runs/replication_cuda,1,4.407322774318942,5.0,0.592677225681058,True
1,skin_tone_steering_independent_seed_replication_v1,fa694f8bb214c219,600004,stepwise_unmasked,-0.75,True,True,images/seed_600004/stepwise_unmasked/alpha_m0p750.png,0.9826017618179321,,0.146854609251022,0.9912882591338921,0.867086051205539,2.54897807589741,0.056542976620432006,1.8350568083716081,3.141324534262858,True,0.7903857710661071,4,4,[],white_reference_bilateral_cheek_median_cielab_ita_v2,True,,61.21928568950004,70.61784388898896,-9.398558199488917,5.10597926772428,14156,5683,True,True,experiments/runs/replication_cuda,-1,9.398558199488917,5.0,4.398558199488917,False
1,skin_tone_steering_independent_seed_replication_v1,fa694f8bb214c219,600004,stepwise_unmasked,0.5,True,True,images/seed_600004/stepwise_unmasked/alpha_p0p500.png,0.984585285186767,,0.148304104804992,0.9829646837869861,0.8669703066091551,0.7188784716347281,0.41614390195384204,0.963595933264868,1.2721946103949051,True,0.834569033627751,4,4,[],white_reference_bilateral_cheek_median_cielab_ita_v2,True,,61.21928568950004,55.82693725186704,5.392348437633004,-4.719228990501264,14156,15148,True,True,experiments/runs/replication_cuda,1,5.392348437633004,5.0,0.39234843763300375,True
1,skin_tone_steering_independent_seed_replication_v1,fa694f8bb214c219,600005,prompt_only,-2.0,True,True,images/seed_600005/prompt_only/alpha_m2p000.png,0.961507976055145,,0.333599478006362,0.9345198392356051,0.716415140235654,0.8055326948118761,3.3539079952265682,2.5590789969984242,4.29493504907048,False,0.611822074602818,3,4,[],white_reference_bilateral_cheek_median_cielab_ita_v2,True,,60.52570796823623,74.90760611569003,-14.381898147453796,4.6865955123771394,15803,15333,True,True,experiments/runs/replication_cuda,-1,14.381898147453796,5.0,9.381898147453796,False
1,skin_tone_steering_independent_seed_replication_v1,fa694f8bb214c219,600005,prompt_only,0.2,True,True,images/seed_600005/prompt_only/alpha_p0p200.png,0.9735576510429381,,0.13742634654045102,0.9760134528435761,0.851828613689628,1.549071827890909,2.927152780071056,4.308050827484495,5.43388892580929,False,0.74456552690162,3,4,[],white_reference_bilateral_cheek_median_cielab_ita_v2,True,,60.52570796823623,56.77070306493113,3.755004903305099,-1.306190589679715,15803,16836,True,True,experiments/runs/replication_cuda,1,3.755004903305099,5.0,1.2449950966949008,True
1,skin_tone_steering_independent_seed_replication_v1,fa694f8bb214c219,600005,stepwise_masked,-1.0,True,True,images/seed_600005/stepwise_masked/alpha_m1p000.png,0.9706279039382931,,0.269800245761871,0.9583117611220701,0.753750382430579,5.201926335676118,6.312278430207399,2.3395182482621952,8.507540315285857,False,0.628729866122484,3,4,[],white_reference_bilateral_cheek_median_cielab_ita_v2,True,,60.52570796823623,68.66325208860164,-8.137544120365405,5.622453458839104,15803,6021,True,True,experiments/runs/replication_cuda,-1,8.137544120365405,5.0,3.137544120365405,False
1,skin_tone_steering_independent_seed_replication_v1,fa694f8bb214c219,600005,stepwise_masked,0.375,True,True,images/seed_600005/stepwise_masked/alpha_p0p375.png,0.985256254673004,,0.094733446836471,0.973487467491382,0.861734265861926,0.8237161597699111,4.35853169350775,3.6938295307334252,5.772320455180563,False,0.7838984233448291,3,4,[],white_reference_bilateral_cheek_median_cielab_ita_v2,True,,60.52570796823623,54.29395270285444,6.231755265381793,-6.715356647667448,15803,17230,True,True,experiments/runs/replication_cuda,1,6.231755265381793,5.0,1.2317552653817927,True
1,skin_tone_steering_independent_seed_replication_v1,fa694f8bb214c219,600005,stepwise_unmasked,-0.75,True,True,images/seed_600005/stepwise_unmasked/alpha_m0p750.png,0.9547463655471801,,0.300363808870315,0.9508529950727911,0.7357349445740391,2.790580921411296,5.21640719271426,0.39024470895004304,5.928788814927488,False,0.59574313584839,2,4,[],white_reference_bilateral_cheek_median_cielab_ita_v2,True,,60.52570796823623,69.72567074909635,-9.199962780860119,4.577103667030954,15803,12138,True,True,experiments/runs/replication_cuda,-1,9.199962780860119,5.0,4.199962780860119,False
1,skin_tone_steering_independent_seed_replication_v1,fa694f8bb214c219,600005,stepwise_unmasked,0.5,True,True,images/seed_600005/stepwise_unmasked/alpha_p0p500.png,0.983214735984802,,0.14047674834728202,0.9628233651612641,0.8060617555612151,0.297269102429775,3.204924539964645,3.572563505365217,4.808650561851465,True,0.7471311462822611,4,4,[],white_reference_bilateral_cheek_median_cielab_ita_v2,True,,60.52570796823623,49.00686501814381,11.51884295009242,-11.11955334280131,15803,17564,True,True,experiments/runs/replication_cuda,1,11.51884295009242,5.0,6.51884295009242,False
1,skin_tone_steering_independent_seed_replication_v1,fa694f8bb214c219,600006,prompt_only,-2.0,True,True,images/seed_600006/prompt_only/alpha_m2p000.png,0.9847304821014401,,0.47757834196090704,0.8044303142471411,0.676737386537531,10.017039537416702,2.522885722120122,5.491594053243906,11.698873394762028,False,0.570381509349825,2,4,[],white_reference_bilateral_cheek_median_cielab_ita_v2,True,,46.47591484647113,71.68687594002908,-25.210961093557955,15.984317455769883,6537,7352,True,True,experiments/runs/replication_cuda,-1,25.210961093557955,5.0,20.210961093557955,False
1,skin_tone_steering_independent_seed_replication_v1,fa694f8bb214c219,600006,prompt_only,0.2,True,True,images/seed_600006/prompt_only/alpha_p0p200.png,0.991514861583709,,0.29538398981094305,0.8906421966828101,0.756835532113665,1.966523781295121,3.7711203548642582,2.484456980592476,4.925554892769491,True,0.6001864251029031,4,4,[],white_reference_bilateral_cheek_median_cielab_ita_v2,True,,46.47591484647113,52.892520572749916,-6.416605726278789,8.181886368045951,6537,8087,True,True,experiments/runs/replication_cuda,1,-6.416605726278789,5.0,11.416605726278789,False
1,skin_tone_steering_independent_seed_replication_v1,fa694f8bb214c219,600006,stepwise_masked,-0.75,True,True,images/seed_600006/stepwise_masked/alpha_m0p750.png,0.9877678751945491,,0.314922928810119,0.890287115835782,0.759648259486957,2.429489524244012,2.540957644562223,1.42054858697176,3.791680813019216,False,0.623192711831421,3,4,[],white_reference_bilateral_cheek_median_cielab_ita_v2,True,,46.47591484647113,51.66874896358795,-5.192834117116824,5.8487690727558155,6537,4795,True,True,experiments/runs/replication_cuda,-1,5.192834117116824,5.0,0.1928341171168242,True
1,skin_tone_steering_independent_seed_replication_v1,fa694f8bb214c219,600006,stepwise_masked,0.5,True,True,images/seed_600006/stepwise_masked/alpha_p0p500.png,0.965070486068725,,0.410130947828292,0.8366174150905251,0.6914239603376451,0.7577449108588581,2.196216608725177,5.585111763344619,6.049051012466605,False,0.571055786048403,2,4,[],white_reference_bilateral_cheek_median_cielab_ita_v2,True,,46.47591484647113,40.57086427730058,5.905050569170548,-3.725288856429841,6537,7506,True,True,experiments/runs/replication_cuda,1,5.905050569170548,5.0,0.9050505691705482,True
1,skin_tone_steering_independent_seed_replication_v1,fa694f8bb214c219,600006,stepwise_unmasked,-0.75,True,True,images/seed_600006/stepwise_unmasked/alpha_m0p750.png,0.9612016677856441,,0.355788707733154,0.8770807101326461,0.747390736844041,0.007356799959764001,3.088416461491632,0.930252078902396,3.225482799895292,False,0.6240837329553961,3,4,[],white_reference_bilateral_cheek_median_cielab_ita_v2,True,,46.47591484647113,53.17236433554995,-6.696449489078823,6.70040720839286,6537,4684,True,True,experiments/runs/replication_cuda,-1,6.696449489078823,5.0,1.696449489078823,True
1,skin_tone_steering_independent_seed_replication_v1,fa694f8bb214c219,600006,stepwise_unmasked,0.5,True,True,images/seed_600006/stepwise_unmasked/alpha_p0p500.png,0.9290359616279601,,0.425651758909225,0.8250174272326861,0.676806024065804,0.661464599407603,2.090878907827284,4.8193389216948175,5.294840664800882,False,0.554642842418656,2,4,[],white_reference_bilateral_cheek_median_cielab_ita_v2,True,,46.47591484647113,38.91870146650642,7.557213379964708,-4.861286937626133,6537,7561,True,True,experiments/runs/replication_cuda,1,7.557213379964708,5.0,2.5572133799647077,True
1,skin_tone_steering_independent_seed_replication_v1,fa694f8bb214c219,600007,prompt_only,-2.0,True,True,images/seed_600007/prompt_only/alpha_m2p000.png,0.946599304676055,,0.346641808748245,0.949640307430833,0.761944245671754,0.6474090345687891,0.284033180321002,3.440941550569521,3.5128182503511822,False,0.62956435985245,3,4,[],white_reference_bilateral_cheek_median_cielab_ita_v2,True,,60.9480186353405,70.53544379989859,-9.587425164558084,3.5593878299820862,17924,15555,True,True,experiments/runs/replication_cuda,-1,9.587425164558084,5.0,4.587425164558084,False
1,skin_tone_steering_independent_seed_replication_v1,fa694f8bb214c219,600007,prompt_only,0.2,True,True,images/seed_600007/prompt_only/alpha_p0p200.png,0.9550237059593201,,0.108332775533199,0.981797706902867,0.8714167053705991,0.410778320400601,2.951959542835255,1.472098113965226,3.324135500876467,True,0.805202615994217,4,4,[],white_reference_bilateral_cheek_median_cielab_ita_v2,True,,60.9480186353405,59.57052661497292,1.3774920203675831,0.8230003410098591,17924,20014,True,True,experiments/runs/replication_cuda,1,1.3774920203675831,5.0,3.6225079796324167,False
1,skin_tone_steering_independent_seed_replication_v1,fa694f8bb214c219,600007,stepwise_masked,-0.75,True,True,images/seed_600007/stepwise_masked/alpha_m0p750.png,0.9499409198760981,,0.11716389656066802,0.9832783025232951,0.8753469540820931,0.35236684467970103,1.54201656049216,2.236071104242717,2.738976350626424,True,0.8109364313514761,4,4,[],white_reference_bilateral_cheek_median_cielab_ita_v2,True,,60.9480186353405,67.37323967536004,-6.425221040019537,5.915868391474547,17924,9642,True,True,experiments/runs/replication_cuda,-1,6.425221040019537,5.0,1.4252210400195366,True
1,skin_tone_steering_independent_seed_replication_v1,fa694f8bb214c219,600007,stepwise_masked,0.375,True,True,images/seed_600007/stepwise_masked/alpha_p0p375.png,0.930596411228179,,0.060204472392797005,0.9878535232447571,0.907890716166818,0.44635164341168104,4.073761022724954,0.44938608487525605,4.122706212323269,True,0.8176989860530101,4,4,[],white_reference_bilateral_cheek_median_cielab_ita_v2,True,,60.9480186353405,55.13382493175729,5.814193703583214,-8.038656871748373,17924,18755,True,True,experiments/runs/replication_cuda,1,5.814193703583214,5.0,0.8141937035832143,True
1,skin_tone_steering_independent_seed_replication_v1,fa694f8bb214c219,600007,stepwise_unmasked,-0.75,True,True,images/seed_600007/stepwise_unmasked/alpha_m0p750.png,0.9185664653778071,,0.167903929948806,0.971615554210798,0.831738976650751,1.353463310903575,0.246678256315979,1.9693948026279782,2.402338232788891,True,0.762387915625649,4,4,[],white_reference_bilateral_cheek_median_cielab_ita_v2,True,,60.9480186353405,70.80058932741022,-9.852570692069719,6.596478215885781,17924,13051,True,True,experiments/runs/replication_cuda,-1,9.852570692069719,5.0,4.852570692069719,False
1,skin_tone_steering_independent_seed_replication_v1,fa694f8bb214c219,600007,stepwise_unmasked,0.5,True,True,images/seed_600007/stepwise_unmasked/alpha_p0p500.png,0.9721456170082091,,0.092767484486103,0.9782106405301251,0.865034295649122,0.395322707964311,5.9494579248578585,0.9937286880800981,6.044818140242071,False,0.7818010294388571,3,4,[],white_reference_bilateral_cheek_median_cielab_ita_v2,True,,60.9480186353405,50.66581414693385,10.282204488406656,-11.642750364257921,17924,18755,True,True,experiments/runs/replication_cuda,1,10.282204488406656,5.0,5.282204488406656,False
1,skin_tone_steering_independent_seed_replication_v1,fa694f8bb214c219,600008,prompt_only,-2.0,True,True,images/seed_600008/prompt_only/alpha_m2p000.png,0.9760025143623351,,0.343350380659103,0.9718139239300161,0.756432384758144,1.855372322381982,0.9478523567317331,0.383056187245427,2.118386788905656,False,0.6809947541457381,3,4,[],white_reference_bilateral_cheek_median_cielab_ita_v2,True,,56.958117760505324,71.49238665240655,-14.534268891901228,7.054318255875501,14536,17328,True,True,experiments/runs/replication_cuda,-1,14.534268891901228,5.0,9.534268891901228,False
1,skin_tone_steering_independent_seed_replication_v1,fa694f8bb214c219,600008,prompt_only,0.2,True,True,images/seed_600008/prompt_only/alpha_p0p200.png,0.988660752773284,,0.10378891974687501,0.9931024880907631,0.8875818097518621,2.618934931059287,2.211652603501628,2.464608811196337,4.221909994768324,True,0.801984887987734,4,4,[],white_reference_bilateral_cheek_median_cielab_ita_v2,True,,56.958117760505324,58.87184267642545,-1.913724915920127,2.4251366968701262,14536,11815,True,True,experiments/runs/replication_cuda,1,-1.913724915920127,5.0,6.9137249159201275,False
1,skin_tone_steering_independent_seed_replication_v1,fa694f8bb214c219,600008,stepwise_masked,-1.0,True,True,images/seed_600008/stepwise_masked/alpha_m1p000.png,0.980270445346832,,0.23394580185413302,0.9847376627596741,0.8002409525101921,3.508257888769572,1.544818398607883,2.869252049434097,4.788208915865423,True,0.6741257749199,4,4,[],white_reference_bilateral_cheek_median_cielab_ita_v2,True,,56.958117760505324,63.58467345140987,-6.626555690904546,5.474254603168077,14536,6426,True,True,experiments/runs/replication_cuda,-1,6.626555690904546,5.0,1.6265556909045458,True
1,skin_tone_steering_independent_seed_replication_v1,fa694f8bb214c219,600008,stepwise_masked,0.5,True,True,images/seed_600008/stepwise_masked/alpha_p0p500.png,0.9394452571868891,,0.16246899962425201,0.9870560391490201,0.840788596668503,0.512619472998973,4.044498911914006,1.223701133403982,4.256547267030582,True,0.7322514665363641,4,4,[],white_reference_bilateral_cheek_median_cielab_ita_v2,True,,56.958117760505324,52.91581403118094,4.042303729324381,-5.9954033499228965,14536,16686,True,True,experiments/runs/replication_cuda,1,4.042303729324381,5.0,0.9576962706756191,True
1,skin_tone_steering_independent_seed_replication_v1,fa694f8bb214c219,600008,stepwise_unmasked,-0.75,True,True,images/seed_600008/stepwise_unmasked/alpha_m0p750.png,0.9691301584243771,,0.252727091312408,0.9812554934609471,0.7936720981138181,4.306439404158634,1.536522996814721,0.47737542948271205,4.597195945585142,True,0.658201874707742,4,4,[],white_reference_bilateral_cheek_median_cielab_ita_v2,True,,56.958117760505324,69.16404944839917,-12.205931687893845,8.108342914709695,14536,12518,True,True,experiments/runs/replication_cuda,-1,12.205931687893845,5.0,7.205931687893845,False
1,skin_tone_steering_independent_seed_replication_v1,fa694f8bb214c219,600008,stepwise_unmasked,0.5,True,True,images/seed_600008/stepwise_unmasked/alpha_p0p500.png,0.9790689945220941,,0.13838145136833102,0.9851611171944391,0.8526021913621221,1.192763921786599,2.281570389102969,1.499586842238957,2.979431138818856,True,0.7986374976336471,4,4,[],white_reference_bilateral_cheek_median_cielab_ita_v2,True,,56.958117760505324,51.59117349165647,5.3669442688488544,-8.15710270434991,14536,15860,True,True,experiments/runs/replication_cuda,1,5.3669442688488544,5.0,0.36694426884885445,True
1,skin_tone_steering_independent_seed_replication_v1,fa694f8bb214c219,600009,prompt_only,-2.0,True,True,images/seed_600009/prompt_only/alpha_m2p000.png,0.9785716533660881,,0.30010336637496904,0.944501866490508,0.819897898012639,2.5144568891249492,2.509166138828482,2.306984564067414,4.235632885219949,False,0.6221990145044121,3,4,[],white_reference_bilateral_cheek_median_cielab_ita_v2,True,,59.487046947534274,71.11995946062386,-11.632912513089586,6.098007017537313,9071,6477,True,True,experiments/runs/replication_cuda,-1,11.632912513089586,5.0,6.632912513089586,False
1,skin_tone_steering_independent_seed_replication_v1,fa694f8bb214c219,600009,prompt_only,0.2,True,True,images/seed_600009/prompt_only/alpha_p0p200.png,0.9755747914314271,,0.062248177826404,0.9852195660154541,0.925093349639673,2.357280011749357,0.47415561998937306,0.093885677918549,2.406326479569799,True,0.8751137947794,4,4,[],white_reference_bilateral_cheek_median_cielab_ita_v2,True,,59.487046947534274,56.8062174169058,2.680829530628472,-0.11537768985077401,9071,10226,True,True,experiments/runs/replication_cuda,1,2.680829530628472,5.0,2.319170469371528,True
1,skin_tone_steering_independent_seed_replication_v1,fa694f8bb214c219,600009,stepwise_masked,-0.75,True,True,images/seed_600009/stepwise_masked/alpha_m0p750.png,0.9800554513931271,,0.228110253810882,0.9555408918034811,0.8467112752247561,0.313293074658056,2.2949420407957972,2.6335422568667672,3.507200641529307,True,0.703634123009325,4,4,[],white_reference_bilateral_cheek_median_cielab_ita_v2,True,,59.487046947534274,63.433633996575196,-3.946587049040921,4.279891251250802,9071,4165,True,True,experiments/runs/replication_cuda,-1,3.946587049040921,5.0,1.0534129509590788,True
1,skin_tone_steering_independent_seed_replication_v1,fa694f8bb214c219,600009,stepwise_masked,0.5,True,True,images/seed_600009/stepwise_masked/alpha_p0p500.png,0.9903571605682371,,0.051424100995063005,0.9851306547098271,0.9306905345878981,1.640980246095242,0.5869682175077,0.9763197175514051,1.997635614249662,True,0.899872291038417,4,4,[],white_reference_bilateral_cheek_median_cielab_ita_v2,True,,59.487046947534274,55.32406925560842,4.162977691925853,-4.9772196526517405,9071,12770,True,True,experiments/runs/replication_cuda,1,4.162977691925853,5.0,0.8370223080741468,True
1,skin_tone_steering_independent_seed_replication_v1,fa694f8bb214c219,600009,stepwise_unmasked,-0.75,True,True,images/seed_600009/stepwise_unmasked/alpha_m0p750.png,0.9687497019767761,,0.251613974571228,0.960959797976332,0.841435709818184,1.496654517334854,0.494575437131804,2.699301810601352,3.125829469435061,True,0.690697038856807,4,4,[],white_reference_bilateral_cheek_median_cielab_ita_v2,True,,59.487046947534274,66.59438779607042,-7.107340848536147,5.801173356601851,9071,3669,True,True,experiments/runs/replication_cuda,-1,7.107340848536147,5.0,2.107340848536147,True
1,skin_tone_steering_independent_seed_replication_v1,fa694f8bb214c219,600009,stepwise_unmasked,0.5,True,True,images/seed_600009/stepwise_unmasked/alpha_p0p500.png,0.949570178985595,,0.09173244237899701,0.9733027500086061,0.8990934717851791,1.687014469558497,0.972120019773798,0.923002505207094,2.154754922946765,True,0.844101929565582,4,4,[],white_reference_bilateral_cheek_median_cielab_ita_v2,True,,59.487046947534274,53.75754051738041,5.729506430153862,-5.296528802127611,9071,12397,True,True,experiments/runs/replication_cuda,1,5.729506430153862,5.0,0.7295064301538616,True
1,skin_tone_steering_independent_seed_replication_v1,fa694f8bb214c219,600010,prompt_only,-2.0,True,True,images/seed_600010/prompt_only/alpha_m2p000.png,0.9871575832366941,,0.15568001568317402,0.9540432592106791,0.901995122011619,2.090225185957843,0.5475949178121351,0.31446032625895803,2.18352623497339,True,0.7993734062394501,4,4,[],white_reference_bilateral_cheek_median_cielab_ita_v2,True,,59.31612657788512,67.0960761376014,-7.779949559716279,1.6933058373553391,9896,9891,True,True,experiments/runs/replication_cuda,-1,7.779949559716279,5.0,2.779949559716279,True
1,skin_tone_steering_independent_seed_replication_v1,fa694f8bb214c219,600010,prompt_only,0.2,True,True,images/seed_600010/prompt_only/alpha_p0p200.png,0.9977918863296501,,0.07852731645107201,0.9723374035780211,0.9328820659761781,0.972050210818147,1.7716539151032171,0.072627994508522,2.02210633569021,True,0.876264219499975,4,4,[],white_reference_bilateral_cheek_median_cielab_ita_v2,True,,59.31612657788512,54.865087784069495,4.451038793815627,-0.8101672249147641,9896,9590,True,True,experiments/runs/replication_cuda,1,4.451038793815627,5.0,0.5489612061843729,True
1,skin_tone_steering_independent_seed_replication_v1,fa694f8bb214c219,600010,stepwise_masked,-0.75,True,True,images/seed_600010/stepwise_masked/alpha_m0p750.png,0.9869966506958001,,0.065117247402668,0.9738028576608041,0.9481199743354001,0.159699324889081,0.573302513017664,0.017834716565796,0.5953971136286941,True,0.9194251577498521,4,4,[],white_reference_bilateral_cheek_median_cielab_ita_v2,True,,59.31612657788512,70.927094815429,-11.61096823754388,7.359823747619188,9896,7276,True,True,experiments/runs/replication_cuda,-1,11.61096823754388,5.0,6.610968237543879,False
1,skin_tone_steering_independent_seed_replication_v1,fa694f8bb214c219,600010,stepwise_masked,0.375,True,True,images/seed_600010/stepwise_masked/alpha_p0p375.png,0.9960823655128471,,0.046435240656137,0.979882674597459,0.9652740433730921,0.44168791486663206,0.134571515446218,0.25325907439793804,0.526628774065399,True,0.9416398024849331,4,4,[],white_reference_bilateral_cheek_median_cielab_ita_v2,True,,59.31612657788512,51.544212515822636,7.7719140620624865,-6.695216490444665,9896,9838,True,True,experiments/runs/replication_cuda,1,7.7719140620624865,5.0,2.7719140620624865,True
1,skin_tone_steering_independent_seed_replication_v1,fa694f8bb214c219,600010,stepwise_unmasked,-0.75,True,True,images/seed_600010/stepwise_unmasked/alpha_m0p750.png,0.9766595959663391,,0.08943257480859701,0.970354560663763,0.9357983577486321,1.500202946230216,0.951747752767315,0.31733196455670304,1.8047526812571502,True,0.864190025948058,4,4,[],white_reference_bilateral_cheek_median_cielab_ita_v2,True,,59.31612657788512,72.80907623253181,-13.492949654646686,7.670320156266499,9896,7283,True,True,experiments/runs/replication_cuda,-1,13.492949654646686,5.0,8.492949654646686,False
1,skin_tone_steering_independent_seed_replication_v1,fa694f8bb214c219,600010,stepwise_unmasked,0.5,True,True,images/seed_600010/stepwise_unmasked/alpha_p0p500.png,0.9872337579727171,,0.07769127190113001,0.9692330729470171,0.9363846926398831,0.9204559930580921,0.22910846085546502,0.09410122461861001,0.9531972316718301,True,0.8989482701004521,4,4,[],white_reference_bilateral_cheek_median_cielab_ita_v2,True,,59.31612657788512,48.19741234351646,11.11871423436866,-8.949361817135568,9896,9838,True,True,experiments/runs/replication_cuda,1,11.11871423436866,5.0,6.11871423436866,False
1,skin_tone_steering_independent_seed_replication_v1,fa694f8bb214c219,600011,prompt_only,-2.0,True,True,images/seed_600011/prompt_only/alpha_m2p000.png,0.978736996650695,,0.374452024698257,0.0,0.7225892700137061,0.560174559383648,2.186767249890585,1.1222459136750391,2.520948716839559,False,0.42900265582302105,2,4,[],white_reference_bilateral_cheek_median_cielab_ita_v2,True,,59.50769529251361,69.68470122899002,-10.177005936476412,6.434585149165628,31252,18338,True,True,experiments/runs/replication_cuda,-1,10.177005936476412,5.0,5.177005936476412,False
1,skin_tone_steering_independent_seed_replication_v1,fa694f8bb214c219,600011,prompt_only,0.2,True,True,images/seed_600011/prompt_only/alpha_p0p200.png,0.975460469722747,,0.172671914100646,0.0,0.8131730331540631,2.459439446668033,0.232801292736482,0.37058815263410605,2.498074140733076,False,0.5344525608771641,3,4,[],white_reference_bilateral_cheek_median_cielab_ita_v2,True,,59.50769529251361,56.7447382297494,2.762957062764208,3.629598140522091,31252,29078,True,True,experiments/runs/replication_cuda,1,2.762957062764208,5.0,2.237042937235792,True
1,skin_tone_steering_independent_seed_replication_v1,fa694f8bb214c219,600011,stepwise_masked,-0.75,True,True,images/seed_600011/stepwise_masked/alpha_m0p750.png,0.9742182493209831,,0.157831072807312,0.0,0.821724816209575,0.402435253015812,0.688041337626609,0.071631455673694,0.8003037427095081,False,0.5887983559215381,3,4,[],white_reference_bilateral_cheek_median_cielab_ita_v2,True,,59.50769529251361,65.32896668232695,-5.82127138981334,6.722615531105731,31252,22921,True,True,experiments/runs/replication_cuda,-1,5.82127138981334,5.0,0.8212713898133401,True
1,skin_tone_steering_independent_seed_replication_v1,fa694f8bb214c219,600011,stepwise_masked,0.5,True,True,images/seed_600011/stepwise_masked/alpha_p0p500.png,0.9764150381088251,,0.115274809300899,0.0,0.8562788289711291,0.245774183206582,0.31946918373737804,0.507283047601048,0.647920981966239,False,0.62889527365757,3,4,[],white_reference_bilateral_cheek_median_cielab_ita_v2,True,,59.50769529251361,54.31569183720653,5.192003455307081,-2.494781318622969,31252,29959,True,True,experiments/runs/replication_cuda,1,5.192003455307081,5.0,0.19200345530708063,True
1,skin_tone_steering_independent_seed_replication_v1,fa694f8bb214c219,600011,stepwise_unmasked,-0.75,True,True,images/seed_600011/stepwise_unmasked/alpha_m0p750.png,0.9641891717910761,,0.23330904543399802,0.0,0.776891986791532,0.31155734934823104,2.149244323374654,2.138275414280822,3.047710762327831,False,0.46595396583512605,3,4,[],white_reference_bilateral_cheek_median_cielab_ita_v2,True,,59.50769529251361,68.0047233499251,-8.497028057411491,5.817288451996916,31252,27436,True,True,experiments/runs/replication_cuda,-1,8.497028057411491,5.0,3.497028057411491,False
1,skin_tone_steering_independent_seed_replication_v1,fa694f8bb214c219,600011,stepwise_unmasked,0.5,True,True,images/seed_600011/stepwise_unmasked/alpha_p0p500.png,0.9688078165054321,,0.153489276766777,0.0,0.81412712180736,0.9523636105931611,0.864777385932541,0.29067987391989103,1.318837049488846,False,0.5774242743133351,3,4,[],white_reference_bilateral_cheek_median_cielab_ita_v2,True,,59.50769529251361,44.77749905883104,14.73019623368257,-16.274401549804267,31252,37670,True,True,experiments/runs/replication_cuda,1,14.73019623368257,5.0,9.73019623368257,False
1,skin_tone_steering_independent_seed_replication_v1,fa694f8bb214c219,600012,prompt_only,-2.0,True,True,images/seed_600012/prompt_only/alpha_m2p000.png,0.9857819080352781,,0.19481873512268003,0.975484905203372,0.8499366701631551,1.929057512432049,0.874907202828286,2.535739856403589,3.304043298624434,True,0.7435894134128941,4,4,[],white_reference_bilateral_cheek_median_cielab_ita_v2,True,,64.02103350255939,73.31122431307988,-9.290190810520485,1.52203014110286,7897,8269,True,True,experiments/runs/replication_cuda,-1,9.290190810520485,5.0,4.290190810520485,False
1,skin_tone_steering_independent_seed_replication_v1,fa694f8bb214c219,600012,prompt_only,0.2,True,True,images/seed_600012/prompt_only/alpha_p0p200.png,0.9929647445678711,,0.098049789667129,0.9785971843981001,0.9039437817306871,0.24553422368207303,0.044549353967027,0.8189706472090621,0.8561452101881251,True,0.8888992870018321,4,4,[],white_reference_bilateral_cheek_median_cielab_ita_v2,True,,64.02103350255939,61.273793770830764,2.747239731728626,0.06751426258173801,7897,7839,True,True,experiments/runs/replication_cuda,1,2.747239731728626,5.0,2.252760268271374,True
1,skin_tone_steering_independent_seed_replication_v1,fa694f8bb214c219,600012,stepwise_masked,-0.75,True,True,images/seed_600012/stepwise_masked/alpha_m0p750.png,0.9917577505111691,,0.06703409552574101,0.9867993129800141,0.9284377704653951,0.749510445803873,0.45811791866175505,0.725085514539556,1.139028945709104,True,0.9092715147725131,4,4,[],white_reference_bilateral_cheek_median_cielab_ita_v2,True,,64.02103350255939,69.92755136868645,-5.906517866127061,4.053137392607184,7897,1064,True,True,experiments/runs/replication_cuda,-1,5.906517866127061,5.0,0.9065178661270608,True
1,skin_tone_steering_independent_seed_replication_v1,fa694f8bb214c219,600012,stepwise_masked,0.5,True,True,images/seed_600012/stepwise_masked/alpha_p0p500.png,0.9882479310035701,,0.146112337708473,0.9737974030215251,0.888602764561741,0.41468758217914403,2.703995985450153,0.9012424441416801,2.880242702146227,True,0.7952759759043371,4,4,[],white_reference_bilateral_cheek_median_cielab_ita_v2,True,,64.02103350255939,61.02361986115845,2.997413641400939,-3.248184463621626,7897,15364,True,True,experiments/runs/replication_cuda,1,2.997413641400939,5.0,2.002586358599061,True
1,skin_tone_steering_independent_seed_replication_v1,fa694f8bb214c219,600012,stepwise_unmasked,-0.75,True,True,images/seed_600012/stepwise_unmasked/alpha_m0p750.png,0.9878048896789551,,0.11194418370723701,0.983962368289322,0.900495505518316,1.9185728977585341,0.065317418552691,1.035971486519588,2.181381500348247,True,0.843596068437201,4,4,[],white_reference_bilateral_cheek_median_cielab_ita_v2,True,,64.02103350255939,71.51254958095292,-7.491516078393531,3.742203446648588,7897,2144,True,True,experiments/runs/replication_cuda,-1,7.491516078393531,5.0,2.4915160783935306,True
1,skin_tone_steering_independent_seed_replication_v1,fa694f8bb214c219,600012,stepwise_unmasked,0.5,True,True,images/seed_600012/stepwise_unmasked/alpha_p0p500.png,0.9878516793251031,,0.166109144687652,0.9704695685645591,0.8678889543077171,1.2019587188946441,2.709604391593503,0.7647574720163941,3.061292980404613,True,0.773105160138228,4,4,[],white_reference_bilateral_cheek_median_cielab_ita_v2,True,,64.02103350255939,59.12932642461454,4.891707077944851,-4.437681449325183,7897,15050,True,True,experiments/runs/replication_cuda,1,4.891707077944851,5.0,0.10829292205514918,True
1,skin_tone_steering_independent_seed_replication_v1,fa694f8bb214c219,600013,prompt_only,-2.0,True,True,images/seed_600013/prompt_only/alpha_m2p000.png,0.9618201851844781,,0.22200936079025202,0.9822609543814971,0.8266356766860871,0.30156214011798205,0.037827397751861,3.548964384158415,3.5619543563047142,True,0.707191148473392,4,4,[],white_reference_bilateral_cheek_median_cielab_ita_v2,True,,63.38180636858969,70.85410265138651,-7.472296282796819,-0.624969163018363,8528,11155,True,True,experiments/runs/replication_cuda,-1,7.472296282796819,5.0,2.472296282796819,True
1,skin_tone_steering_independent_seed_replication_v1,fa694f8bb214c219,600013,prompt_only,0.2,True,True,images/seed_600013/prompt_only/alpha_p0p200.png,0.9950015544891351,,0.104979716241359,0.9844959160877331,0.8840670685408341,0.6929775693020801,1.325223383019741,0.569134499320874,1.6001090602753711,True,0.866763738580675,4,4,[],white_reference_bilateral_cheek_median_cielab_ita_v2,True,,63.38180636858969,60.382847104251326,2.998959264338367,-1.677499556720192,8528,10145,True,True,experiments/runs/replication_cuda,1,2.998959264338367,5.0,2.001040735661633,True
1,skin_tone_steering_independent_seed_replication_v1,fa694f8bb214c219,600013,stepwise_masked,-1.0,True,True,images/seed_600013/stepwise_masked/alpha_m1p000.png,0.955179929733276,,0.14679870009422302,0.9865708112256321,0.8597390549692051,0.7842026684166,0.329192930898456,3.197241714283579,3.308428084522956,True,0.7747922242647931,4,4,[],white_reference_bilateral_cheek_median_cielab_ita_v2,True,,63.38180636858969,66.43011121932751,-3.048304850737821,1.106409588370652,8528,1896,True,True,experiments/runs/replication_cuda,-1,3.048304850737821,5.0,1.951695149262179,True
1,skin_tone_steering_independent_seed_replication_v1,fa694f8bb214c219,600013,stepwise_masked,0.375,True,True,images/seed_600013/stepwise_masked/alpha_p0p375.png,0.9853029251098631,,0.076900176703929,0.9862579828391301,0.9053255305058511,0.033270149428551006,1.160458066875714,0.5271549866293901,1.275014591190293,True,0.8950942472596161,4,4,[],white_reference_bilateral_cheek_median_cielab_ita_v2,True,,63.38180636858969,56.257641724251386,7.124164644338307,-5.8091634486852834,8528,11990,True,True,experiments/runs/replication_cuda,1,7.124164644338307,5.0,2.1241646443383067,True
1,skin_tone_steering_independent_seed_replication_v1,fa694f8bb214c219,600013,stepwise_unmasked,-0.75,True,True,images/seed_600013/stepwise_unmasked/alpha_m0p750.png,0.9306780695915221,,0.158116191625595,0.9836780928966681,0.852629313570842,0.85804965617087,0.8466109928941351,2.870501949278157,3.1133231163105832,True,0.760327228391894,4,4,[],white_reference_bilateral_cheek_median_cielab_ita_v2,True,,63.38180636858969,68.2449982503691,-4.8631918817794,0.842804217527444,8528,3298,True,True,experiments/runs/replication_cuda,-1,4.8631918817794,5.0,0.1368081182205998,True
1,skin_tone_steering_independent_seed_replication_v1,fa694f8bb214c219,600013,stepwise_unmasked,0.5,True,True,images/seed_600013/stepwise_unmasked/alpha_p0p500.png,0.973553895950317,,0.164107456803321,0.9787539084047191,0.840486910408013,0.508419426662382,0.49543018917617804,0.230573762945172,0.74639510040832,True,0.8293550965695721,4,4,[],white_reference_bilateral_cheek_median_cielab_ita_v2,True,,63.38180636858969,52.15315316290377,11.228653205685923,-8.451489697371173,8528,12718,True,True,experiments/runs/replication_cuda,1,11.228653205685923,5.0,6.228653205685923,False
1,skin_tone_steering_independent_seed_replication_v1,fa694f8bb214c219,600014,prompt_only,-2.0,True,True,images/seed_600014/prompt_only/alpha_m2p000.png,0.990496754646301,,0.23587384819984403,0.9696342905564721,0.7917782816649871,6.311864525653394,1.243346191415416,6.058334672648074,8.836795943537387,False,0.667283315464944,3,4,[],white_reference_bilateral_cheek_median_cielab_ita_v2,True,,67.16503346803259,75.94887139151115,-8.783837923478558,0.25503606473176804,3519,4677,True,True,experiments/runs/replication_cuda,-1,8.783837923478558,5.0,3.7838379234785577,False
1,skin_tone_steering_independent_seed_replication_v1,fa694f8bb214c219,600014,prompt_only,0.2,True,True,images/seed_600014/prompt_only/alpha_p0p200.png,0.9852473735809321,,0.16252438724040902,0.9742077831018131,0.8399208384452811,0.356002126426655,1.490632482258283,1.804767574519589,2.367680026781725,True,0.7933907208317511,4,4,[],white_reference_bilateral_cheek_median_cielab_ita_v2,True,,67.16503346803259,63.940575071518246,3.224458396514343,-0.3483965730194,3519,5198,True,True,experiments/runs/replication_cuda,1,3.224458396514343,5.0,1.775541603485657,True
1,skin_tone_steering_independent_seed_replication_v1,fa694f8bb214c219,600014,stepwise_masked,-1.0,True,True,images/seed_600014/stepwise_masked/alpha_m1p000.png,0.9737135767936701,,0.163215667009353,0.9751162310037311,0.8376186062050811,1.768900713986651,0.8020980009211951,1.855211951306829,2.685922992808237,True,0.780760518387225,4,4,[],white_reference_bilateral_cheek_median_cielab_ita_v2,True,,67.16503346803259,66.49259587700972,0.67243759102287,0.97093867542371,3519,569,True,True,experiments/runs/replication_cuda,-1,-0.67243759102287,5.0,5.67243759102287,False
1,skin_tone_steering_independent_seed_replication_v1,fa694f8bb214c219,600014,stepwise_masked,0.5,True,True,images/seed_600014/stepwise_masked/alpha_p0p500.png,0.990547239780426,,0.09580025821924201,0.9828066967734841,0.8792530279427261,3.595452487116399,0.30551342416140603,0.7625743307671261,3.688107461747726,True,0.8201206540513021,4,4,[],white_reference_bilateral_cheek_median_cielab_ita_v2,True,,67.16503346803259,63.590935461470515,3.574098006562074,-3.235857349598532,3519,8533,True,True,experiments/runs/replication_cuda,1,3.574098006562074,5.0,1.4259019934379258,True
1,skin_tone_steering_independent_seed_replication_v1,fa694f8bb214c219,600014,stepwise_unmasked,-0.75,True,True,images/seed_600014/stepwise_unmasked/alpha_m0p750.png,0.9368901252746581,,0.191605776548385,0.967443719530337,0.8150354470230591,4.375586727985333,1.8747207309431881,3.5189513328755813,5.919742858967472,False,0.6835232464035931,3,4,[],white_reference_bilateral_cheek_median_cielab_ita_v2,True,,67.16503346803259,68.85630184602135,-1.691268377988763,1.093118425506787,3519,908,True,True,experiments/runs/replication_cuda,-1,1.691268377988763,5.0,3.308731622011237,False
1,skin_tone_steering_independent_seed_replication_v1,fa694f8bb214c219,600014,stepwise_unmasked,0.5,True,True,images/seed_600014/stepwise_unmasked/alpha_p0p500.png,0.9856185317039491,,0.21623390913009602,0.9621107486754941,0.805298689945771,2.63379494773083,2.912475411402127,1.878737682377074,4.353049979944868,True,0.6961134627841521,4,4,[],white_reference_bilateral_cheek_median_cielab_ita_v2,True,,67.16503346803259,60.99768030923211,6.167353158800481,-5.063115620562186,3519,9210,True,True,experiments/runs/replication_cuda,1,6.167353158800481,5.0,1.1673531588004806,True
1,skin_tone_steering_independent_seed_replication_v1,fa694f8bb214c219,600015,prompt_only,-2.0,True,True,images/seed_600015/prompt_only/alpha_m2p000.png,0.9651629924774171,,0.153320252895355,0.9873602957103811,0.8674086959054921,0.8313848092224251,0.735167681717186,3.22145993347243,3.407268161477083,True,0.7708276146569031,4,4,[],white_reference_bilateral_cheek_median_cielab_ita_v2,True,,64.21984709149254,71.03632172912589,-6.816474637633348,1.8161660167885851,10482,10968,True,True,experiments/runs/replication_cuda,-1,6.816474637633348,5.0,1.8164746376333483,True
1,skin_tone_steering_independent_seed_replication_v1,fa694f8bb214c219,600015,prompt_only,0.2,True,True,images/seed_600015/prompt_only/alpha_p0p200.png,0.982861876487731,,0.16934074461460102,0.9861509428684491,0.8480961299932651,3.07700450014897,1.8642129323456291,5.72807825245769,6.764179700254899,False,0.7239936522211771,3,4,[],white_reference_bilateral_cheek_median_cielab_ita_v2,True,,64.21984709149254,60.40018960460341,3.819657486889127,0.01957722526059,10482,10103,True,True,experiments/runs/replication_cuda,1,3.819657486889127,5.0,1.180342513110873,True
1,skin_tone_steering_independent_seed_replication_v1,fa694f8bb214c219,600015,stepwise_masked,-0.75,True,True,images/seed_600015/stepwise_masked/alpha_m0p750.png,0.9595822095870971,,0.042125277221202004,0.9948622023135121,0.9457684733096131,0.6402987193670661,1.736080787062833,1.01363211432568,2.109836252514437,True,0.8957085751763431,4,4,[],white_reference_bilateral_cheek_median_cielab_ita_v2,True,,64.21984709149254,65.26354190143834,-1.043694809945805,3.478911632864481,10482,3190,True,True,experiments/runs/replication_cuda,-1,1.043694809945805,5.0,3.956305190054195,False
1,skin_tone_steering_independent_seed_replication_v1,fa694f8bb214c219,600015,stepwise_masked,0.5,True,True,images/seed_600015/stepwise_masked/alpha_p0p500.png,0.987348198890686,,0.031786851584911,0.995972498502638,0.9478802773349211,1.3875868850164341,0.268890078722827,0.326300850856354,1.4505762590001121,True,0.9314952497472381,4,4,[],white_reference_bilateral_cheek_median_cielab_ita_v2,True,,64.21984709149254,59.49858932253067,4.72125776896187,-3.876745993325997,10482,13465,True,True,experiments/runs/replication_cuda,1,4.72125776896187,5.0,0.27874223103813023,True
1,skin_tone_steering_independent_seed_replication_v1,fa694f8bb214c219,600015,stepwise_unmasked,-0.75,True,True,images/seed_600015/stepwise_unmasked/alpha_m0p750.png,0.9476466178894041,,0.07626454532146401,0.990990887755638,0.9184030547275941,2.445625820706795,1.9878871949435961,0.6552789733981611,3.219032725479232,True,0.8340855977425681,4,4,[],white_reference_bilateral_cheek_median_cielab_ita_v2,True,,64.21984709149254,68.90398607026741,-4.684138978774868,3.9972436209897353,10482,5143,True,True,experiments/runs/replication_cuda,-1,4.684138978774868,5.0,0.3158610212251318,True
1,skin_tone_steering_independent_seed_replication_v1,fa694f8bb214c219,600015,stepwise_unmasked,0.5,True,True,images/seed_600015/stepwise_unmasked/alpha_p0p500.png,0.9902770519256591,,0.06034521758556301,0.9930348290988521,0.907155075342253,0.9485720025038711,0.5624993691114231,0.8609143280963121,1.399059635793441,True,0.9093484295306961,4,4,[],white_reference_bilateral_cheek_median_cielab_ita_v2,True,,64.21984709149254,59.10506323349419,5.114783857998347,-4.4342112506822104,10482,15125,True,True,experiments/runs/replication_cuda,1,5.114783857998347,5.0,0.11478385799834712,True
1,skin_tone_steering_independent_seed_replication_v1,fa694f8bb214c219,600016,prompt_only,-2.0,True,True,images/seed_600016/prompt_only/alpha_m2p000.png,0.952860414981842,,0.41598412394523604,0.990090184091522,0.722783891413167,2.013593948908989,2.315922005320678,1.837996368467393,3.577189675752569,False,0.640415459747257,3,4,[],white_reference_bilateral_cheek_median_cielab_ita_v2,True,,60.213048054658366,71.10063544094331,-10.887587386284942,5.327707366562663,18707,13009,True,True,experiments/runs/replication_cuda,-1,10.887587386284942,5.0,5.887587386284942,False
1,skin_tone_steering_independent_seed_replication_v1,fa694f8bb214c219,600016,prompt_only,0.2,True,True,images/seed_600016/prompt_only/alpha_p0p200.png,0.9818335771560661,,0.076503783464431,0.9986549611362261,0.8925701744880421,1.127614570034687,2.335887352528801,0.42593255153700704,2.628555283937804,True,0.86338429673211,4,4,[],white_reference_bilateral_cheek_median_cielab_ita_v2,True,,60.213048054658366,57.85367071631437,2.359377338343996,1.508370717370155,18707,20916,True,True,experiments/runs/replication_cuda,1,2.359377338343996,5.0,2.640622661656004,True
1,skin_tone_steering_independent_seed_replication_v1,fa694f8bb214c219,600016,stepwise_masked,-0.75,True,True,images/seed_600016/stepwise_masked/alpha_m0p750.png,0.9439501166343681,,0.068997502326965,0.998486917956615,0.9081630320278581,1.410817949407215,1.89117590003267,0.27870338652105003,2.375842829164476,True,0.861709033892125,4,4,[],white_reference_bilateral_cheek_median_cielab_ita_v2,True,,60.213048054658366,67.22754654551838,-7.014498490860014,6.2643671529732075,18707,6231,True,True,experiments/runs/replication_cuda,-1,7.014498490860014,5.0,2.0144984908600136,True
1,skin_tone_steering_independent_seed_replication_v1,fa694f8bb214c219,600016,stepwise_masked,0.5,True,True,images/seed_600016/stepwise_masked/alpha_p0p500.png,0.9868943095207211,,0.104289591312408,0.9976965169655081,0.9098173673275171,0.022370864236435,0.8002623709859831,0.10273193463117,0.807139497469834,True,0.8874230151145611,4,4,[],white_reference_bilateral_cheek_median_cielab_ita_v2,True,,60.213048054658366,54.43492474491465,5.778123309743712,-6.837719962585126,18707,26037,True,True,experiments/runs/replication_cuda,1,5.778123309743712,5.0,0.7781233097437124,True
1,skin_tone_steering_independent_seed_replication_v1,fa694f8bb214c219,600016,stepwise_unmasked,-0.75,True,True,images/seed_600016/stepwise_unmasked/alpha_m0p750.png,0.9663339853286741,,0.135944813489913,0.9973107121622521,0.8608772043056211,1.879818997697168,2.021121088243123,0.14611413267307702,2.764054857851244,True,0.8043142065176061,4,4,[],white_reference_bilateral_cheek_median_cielab_ita_v2,True,,60.213048054658366,68.1210170291535,-7.907968974495141,6.879273370939487,18707,7459,True,True,experiments/runs/replication_cuda,-1,7.907968974495141,5.0,2.907968974495141,True
1,skin_tone_steering_independent_seed_replication_v1,fa694f8bb214c219,600016,stepwise_unmasked,0.5,True,True,images/seed_600016/stepwise_unmasked/alpha_p0p500.png,0.9754552245140071,,0.149433389306068,0.9970459784228771,0.864514041034187,1.525837249529603,1.589384603720034,0.9943888142866181,2.417257091120575,True,0.805097952098734,4,4,[],white_reference_bilateral_cheek_median_cielab_ita_v2,True,,60.213048054658366,44.28586060004827,15.927187454610099,-10.011189258850862,18707,26546,True,True,experiments/runs/replication_cuda,1,15.927187454610099,5.0,10.927187454610099,False
1,skin_tone_steering_independent_seed_replication_v1,fa694f8bb214c219,600017,prompt_only,-2.0,True,True,images/seed_600017/prompt_only/alpha_m2p000.png,0.9811459183692931,,0.308203428983688,0.935411348469217,0.837227277149668,0.315590561949027,0.35027012154368004,0.28867205360416104,0.552827382977337,False,0.7129618719313551,3,4,[],white_reference_bilateral_cheek_median_cielab_ita_v2,True,,62.08680478410199,71.57197644766516,-9.485171663563172,3.301581685381705,8104,9251,True,True,experiments/runs/replication_cuda,-1,9.485171663563172,5.0,4.485171663563172,False
1,skin_tone_steering_independent_seed_replication_v1,fa694f8bb214c219,600017,prompt_only,0.2,True,True,images/seed_600017/prompt_only/alpha_p0p200.png,0.9784988164901731,,0.256735742092132,0.9552740729843471,0.8533120583584001,2.854563838957261,0.925105120738245,0.362105713156506,3.022494787853094,True,0.69124675299013,4,4,[],white_reference_bilateral_cheek_median_cielab_ita_v2,True,,62.08680478410199,54.6891408001427,7.397663983959291,-3.5337579924060663,8104,8370,True,True,experiments/runs/replication_cuda,1,7.397663983959291,5.0,2.3976639839592906,True
1,skin_tone_steering_independent_seed_replication_v1,fa694f8bb214c219,600017,stepwise_masked,-0.75,True,True,images/seed_600017/stepwise_masked/alpha_m0p750.png,0.971803903579711,,0.23680134117603302,0.94036890108223,0.853179875601575,1.525513527814377,4.429537343767244,0.53730259746065,4.715579146256714,True,0.6592947594765041,4,4,[],white_reference_bilateral_cheek_median_cielab_ita_v2,True,,62.08680478410199,71.94581085458547,-9.859006070483481,7.144804629990631,8104,4700,True,True,experiments/runs/replication_cuda,-1,9.859006070483481,5.0,4.859006070483481,False
1,skin_tone_steering_independent_seed_replication_v1,fa694f8bb214c219,600017,stepwise_masked,0.375,True,True,images/seed_600017/stepwise_masked/alpha_p0p375.png,0.992189228534698,,0.163929045200347,0.9737918924273021,0.8823777458907731,0.245359474333727,2.9243346663123853,0.02501625938429,2.934716396089283,True,0.7805434862381491,4,4,[],white_reference_bilateral_cheek_median_cielab_ita_v2,True,,62.08680478410199,56.393154853656604,5.693649930445389,-3.667957408069895,8104,7754,True,True,experiments/runs/replication_cuda,1,5.693649930445389,5.0,0.6936499304453889,True
1,skin_tone_steering_independent_seed_replication_v1,fa694f8bb214c219,600017,stepwise_unmasked,-0.75,True,True,images/seed_600017/stepwise_unmasked/alpha_m0p750.png,0.9616807699203491,,0.275531589984893,0.933365035635589,0.833976233367256,0.236982435678657,3.40724813767552,0.7340674770764251,3.493473287061865,True,0.6520250571317371,4,4,[],white_reference_bilateral_cheek_median_cielab_ita_v2,True,,62.08680478410199,73.89925216816499,-11.812447384062999,7.391408394337489,8104,4885,True,True,experiments/runs/replication_cuda,-1,11.812447384062999,5.0,6.812447384062999,False
1,skin_tone_steering_independent_seed_replication_v1,fa694f8bb214c219,600017,stepwise_unmasked,0.5,True,True,images/seed_600017/stepwise_unmasked/alpha_p0p500.png,0.981774270534515,,0.267587423324584,0.953778292322431,0.8396965285048561,2.297050290829311,0.5906947048714281,0.12698758793795,2.375181281597779,True,0.6992408730539521,4,4,[],white_reference_bilateral_cheek_median_cielab_ita_v2,True,,62.08680478410199,43.03200248748026,19.05480229662173,-12.996933064593975,8104,8056,True,True,experiments/runs/replication_cuda,1,19.05480229662173,5.0,14.05480229662173,False
1,skin_tone_steering_independent_seed_replication_v1,fa694f8bb214c219,600018,prompt_only,-2.0,True,True,images/seed_600018/prompt_only/alpha_m2p000.png,0.922992229461669,,0.436246961355209,0.8729059129073531,0.7066958643801791,1.5053085567463071,0.289840266868098,2.8885113447467092,3.270085475953536,False,0.6075964273761261,3,4,[],white_reference_bilateral_cheek_median_cielab_ita_v2,True,,57.618590237576825,70.85678785639847,-13.238197618821644,7.844967947000001,11945,10019,True,True,experiments/runs/replication_cuda,-1,13.238197618821644,5.0,8.238197618821644,False
1,skin_tone_steering_independent_seed_replication_v1,fa694f8bb214c219,600018,prompt_only,0.2,True,True,images/seed_600018/prompt_only/alpha_p0p200.png,0.9735229611396791,,0.091620251536369,0.9719801077701751,0.8976036316479441,0.927429934341163,1.084528607851551,2.300911888833895,2.707494063620019,True,0.8390285761657821,4,4,[],white_reference_bilateral_cheek_median_cielab_ita_v2,True,,57.618590237576825,54.88559134657216,2.732998891004662,0.45513753942195406,11945,11088,True,True,experiments/runs/replication_cuda,1,2.732998891004662,5.0,2.267001108995338,True
1,skin_tone_steering_independent_seed_replication_v1,fa694f8bb214c219,600018,stepwise_masked,-0.75,True,True,images/seed_600018/stepwise_masked/alpha_m0p750.png,0.9502342939376831,,0.083290621638298,0.970586321304652,0.893543937057898,2.199147617070515,1.378429301507698,0.33346284231198203,2.61677569694552,True,0.8391561967639081,4,4,[],white_reference_bilateral_cheek_median_cielab_ita_v2,True,,57.618590237576825,65.61815672150307,-7.9995664839262455,5.2789264309597295,11945,6105,True,True,experiments/runs/replication_cuda,-1,7.9995664839262455,5.0,2.9995664839262455,True
1,skin_tone_steering_independent_seed_replication_v1,fa694f8bb214c219,600018,stepwise_masked,0.375,True,True,images/seed_600018/stepwise_masked/alpha_p0p375.png,0.9762264490127561,,0.046125173568725,0.981608824860248,0.9273154195189931,0.988861685362963,1.104929738679207,0.72002751716123,1.6483800489164961,True,0.906839978731328,4,4,[],white_reference_bilateral_cheek_median_cielab_ita_v2,True,,57.618590237576825,47.14550476167712,10.473085475899708,-8.356561888077437,11945,12652,True,True,experiments/runs/replication_cuda,1,10.473085475899708,5.0,5.473085475899708,False
1,skin_tone_steering_independent_seed_replication_v1,fa694f8bb214c219,600018,stepwise_unmasked,-0.75,True,True,images/seed_600018/stepwise_unmasked/alpha_m0p750.png,0.9163184165954591,,0.147676676511764,0.9488411296332151,0.837633898549886,1.49799876973974,0.36130681380905305,1.01600615750784,1.845754978305753,True,0.7866219170808201,4,4,[],white_reference_bilateral_cheek_median_cielab_ita_v2,True,,57.618590237576825,68.57246586562906,-10.95387562805223,5.84575677599085,11945,6575,True,True,experiments/runs/replication_cuda,-1,10.95387562805223,5.0,5.953875628052231,False
1,skin_tone_steering_independent_seed_replication_v1,fa694f8bb214c219,600018,stepwise_unmasked,0.5,True,True,images/seed_600018/stepwise_unmasked/alpha_p0p500.png,0.9722318053245541,,0.084208637475967,0.9545928228079591,0.8713641954287921,1.7806563216592721,0.8999895261010381,0.8567533965895371,2.17134623345159,True,0.8537776122991011,4,4,[],white_reference_bilateral_cheek_median_cielab_ita_v2,True,,57.618590237576825,41.72215028520777,15.896439952369057,-11.1846613427156,11945,12587,True,True,experiments/runs/replication_cuda,1,15.896439952369057,5.0,10.896439952369057,False
1,skin_tone_steering_independent_seed_replication_v1,fa694f8bb214c219,600019,prompt_only,-2.0,True,True,images/seed_600019/prompt_only/alpha_m2p000.png,0.9890149235725401,,0.44388660788536005,0.954010531986461,0.655471630917789,0.6539605688573831,1.200720721401693,3.342348676341446,3.611189464797588,False,0.644103492716378,3,4,[],white_reference_bilateral_cheek_median_cielab_ita_v2,True,,63.71109677226811,69.55947201592478,-5.848375243656676,0.20771698916206502,12263,11877,True,True,experiments/runs/replication_cuda,-1,5.848375243656676,5.0,0.848375243656676,True
1,skin_tone_steering_independent_seed_replication_v1,fa694f8bb214c219,600019,prompt_only,0.2,True,True,images/seed_600019/prompt_only/alpha_p0p200.png,0.9507533907890321,,0.42563188076019204,0.948800556303328,0.6451646175711481,2.699956242161511,1.216633085112557,10.36625406320793,10.780963921484586,False,0.593732660621719,2,4,[],white_reference_bilateral_cheek_median_cielab_ita_v2,True,,63.71109677226811,57.22888864757711,6.482208124690999,-2.595426808909735,12263,5213,True,True,experiments/runs/replication_cuda,1,6.482208124690999,5.0,1.4822081246909988,True
1,skin_tone_steering_independent_seed_replication_v1,fa694f8bb214c219,600019,stepwise_masked,-1.0,True,True,images/seed_600019/stepwise_masked/alpha_m1p000.png,0.9879236221313471,,0.309056401252746,0.970111950536342,0.7185972163858191,2.577477284942036,1.789317065594079,0.752449972220887,3.226643097138819,False,0.6573332685048701,3,4,[],white_reference_bilateral_cheek_median_cielab_ita_v2,True,,63.71109677226811,67.06502014982019,-3.353923377552078,4.4682552015321875,12263,1964,True,True,experiments/runs/replication_cuda,-1,3.353923377552078,5.0,1.646076622447922,True
1,skin_tone_steering_independent_seed_replication_v1,fa694f8bb214c219,600019,stepwise_masked,0.5,True,True,images/seed_600019/stepwise_masked/alpha_p0p500.png,0.9756504893302911,,0.368510395288467,0.9473292894548301,0.677699111095136,0.403196325175156,0.060869871505662004,10.706381220468835,10.714143514807873,False,0.6027012558625671,2,4,[],white_reference_bilateral_cheek_median_cielab_ita_v2,True,,63.71109677226811,61.60647658242919,2.104620189838918,-1.541175407955577,12263,10857,True,True,experiments/runs/replication_cuda,1,2.104620189838918,5.0,2.895379810161082,True
1,skin_tone_steering_independent_seed_replication_v1,fa694f8bb214c219,600019,stepwise_unmasked,-0.75,True,True,images/seed_600019/stepwise_unmasked/alpha_m0p750.png,0.985961198806762,,0.28243613243103,0.97632143321256,0.7424400141199751,1.362502871932551,1.010337090257492,0.8784730171056221,1.910212018011896,True,0.705697063712853,4,4,[],white_reference_bilateral_cheek_median_cielab_ita_v2,True,,63.71109677226811,68.93350977848623,-5.222413006218119,3.5203330673421362,12263,5242,True,True,experiments/runs/replication_cuda,-1,5.222413006218119,5.0,0.22241300621811888,True
1,skin_tone_steering_independent_seed_replication_v1,fa694f8bb214c219,600019,stepwise_unmasked,0.5,True,True,images/seed_600019/stepwise_unmasked/alpha_p0p500.png,0.9471962451934811,,0.394956439733505,0.9495022013745881,0.666162997371473,2.48470055494746,0.7723637862705851,12.685574253779738,12.949674776389475,False,0.5925741422912021,2,4,[],white_reference_bilateral_cheek_median_cielab_ita_v2,True,,63.71109677226811,55.362846826756325,8.348249945511782,-5.284184946938581,12263,13100,True,True,experiments/runs/replication_cuda,1,8.348249945511782,5.0,3.348249945511782,False
1,skin_tone_steering_independent_seed_replication_v1,fa694f8bb214c219,600020,prompt_only,-2.0,True,True,images/seed_600020/prompt_only/alpha_m2p000.png,0.9752886891365051,,0.20810908079147303,0.946075892317863,0.839688645746655,1.594529591981795,0.037549410049422,0.020143233630118003,1.5950988457652922,True,0.763950526368628,4,4,[],white_reference_bilateral_cheek_median_cielab_ita_v2,True,,63.75745969797538,70.69542928558823,-6.937969587612855,0.099331972904522,5604,4694,True,True,experiments/runs/replication_cuda,-1,6.937969587612855,5.0,1.937969587612855,True
1,skin_tone_steering_independent_seed_replication_v1,fa694f8bb214c219,600020,prompt_only,0.2,True,True,images/seed_600020/prompt_only/alpha_p0p200.png,0.98162168264389,,0.30940690636634804,0.9270140289570571,0.791266832608539,1.590040975822729,2.2124090314355462,4.466719334335395,5.232070874796949,False,0.599861638230723,2,4,[],white_reference_bilateral_cheek_median_cielab_ita_v2,True,,63.75745969797538,54.09777808954709,9.659681608428286,-9.117798914592143,5604,10300,True,True,experiments/runs/replication_cuda,1,9.659681608428286,5.0,4.659681608428286,False
1,skin_tone_steering_independent_seed_replication_v1,fa694f8bb214c219,600020,stepwise_masked,-0.75,True,True,images/seed_600020/stepwise_masked/alpha_m0p750.png,0.9806638956069941,,0.17084601521492002,0.9485691323016251,0.869109393602252,2.059913045498811,0.11553238567139001,0.583145961846368,2.143979640755209,True,0.7839200735633821,4,4,[],white_reference_bilateral_cheek_median_cielab_ita_v2,True,,63.75745969797538,63.05745442367687,0.700005274298504,-3.49324618314499,5604,1746,True,True,experiments/runs/replication_cuda,-1,-0.700005274298504,5.0,5.700005274298504,False
1,skin_tone_steering_independent_seed_replication_v1,fa694f8bb214c219,600020,stepwise_masked,0.5,True,True,images/seed_600020/stepwise_masked/alpha_p0p500.png,0.9946154356002801,,0.10280685126781401,0.9702339027822301,0.9054186544232431,2.034548777273519,0.959602428787872,0.014599237810591002,2.249541883625509,True,0.848628340898513,4,4,[],white_reference_bilateral_cheek_median_cielab_ita_v2,True,,63.75745969797538,60.57828642473378,3.179173273241595,-3.00617388801183,5604,9576,True,True,experiments/runs/replication_cuda,1,3.179173273241595,5.0,1.8208267267584048,True
1,skin_tone_steering_independent_seed_replication_v1,fa694f8bb214c219,600020,stepwise_unmasked,-0.75,True,True,images/seed_600020/stepwise_unmasked/alpha_m0p750.png,0.9673571586608881,,0.23560094833374,0.940266879633414,0.817380125761018,2.845774844594008,2.292664397686276,1.400969818725326,3.9137527948915602,True,0.678647710922447,4,4,[],white_reference_bilateral_cheek_median_cielab_ita_v2,True,,63.75745969797538,66.4966981481119,-2.7392384501365252,-2.132430147013295,5604,2454,True,True,experiments/runs/replication_cuda,-1,2.7392384501365252,5.0,2.2607615498634748,True
1,skin_tone_steering_independent_seed_replication_v1,fa694f8bb214c219,600020,stepwise_unmasked,0.5,True,True,images/seed_600020/stepwise_unmasked/alpha_p0p500.png,0.9916244745254511,,0.13913545012474002,0.9613876766532661,0.8776779085546711,1.9129337554771662,0.8357652590579581,0.36156608431145704,2.11861963419971,True,0.8182943978180841,4,4,[],white_reference_bilateral_cheek_median_cielab_ita_v2,True,,63.75745969797538,50.123258450645615,13.634201247329763,-12.481317082482946,5604,10980,True,True,experiments/runs/replication_cuda,1,13.634201247329763,5.0,8.634201247329763,False
1,skin_tone_steering_independent_seed_replication_v1,fa694f8bb214c219,600021,prompt_only,-2.0,True,True,images/seed_600021/prompt_only/alpha_m2p000.png,0.9808607101440431,,0.37433296442031805,0.833451538649674,0.7068652775555521,1.6092035498520711,2.809018609723436,0.732933965942546,3.319233919605752,False,0.6182048029762911,3,4,[],white_reference_bilateral_cheek_median_cielab_ita_v2,True,,61.00613238433405,68.56879576510785,-7.562663380773799,1.666642872038167,9291,12909,True,True,experiments/runs/replication_cuda,-1,7.562663380773799,5.0,2.562663380773799,True
1,skin_tone_steering_independent_seed_replication_v1,fa694f8bb214c219,600021,prompt_only,0.2,True,True,images/seed_600021/prompt_only/alpha_p0p200.png,0.9765166640281671,,0.06297665089368801,0.9609360479793511,0.905937395550869,0.251512259905026,0.9328935047336021,0.045366854033515,0.9672677289673091,True,0.904765525369811,4,4,[],white_reference_bilateral_cheek_median_cielab_ita_v2,True,,61.00613238433405,58.18306820236825,2.823064181965804,-0.64294304933098,9291,9729,True,True,experiments/runs/replication_cuda,1,2.823064181965804,5.0,2.176935818034196,True
1,skin_tone_steering_independent_seed_replication_v1,fa694f8bb214c219,600021,stepwise_masked,-0.75,True,True,images/seed_600021/stepwise_masked/alpha_m0p750.png,0.9610766172409051,,0.035710450261831006,0.9795464013132851,0.9440528328417951,0.879032589658553,0.738404167674322,0.115027234262548,1.153763525659709,True,0.921687535100642,4,4,[],white_reference_bilateral_cheek_median_cielab_ita_v2,True,,61.00613238433405,70.53764911259464,-9.531516728260584,6.362012032982193,9291,5474,True,True,experiments/runs/replication_cuda,-1,9.531516728260584,5.0,4.531516728260584,False
1,skin_tone_steering_independent_seed_replication_v1,fa694f8bb214c219,600021,stepwise_masked,0.375,True,True,images/seed_600021/stepwise_masked/alpha_p0p375.png,0.984579503536224,,0.013278220780193,0.9890133832571901,0.971299997104002,1.603930631839453,0.5753040618910801,0.12196231734861501,1.708345118011676,True,0.9376968477065951,4,4,[],white_reference_bilateral_cheek_median_cielab_ita_v2,True,,61.00613238433405,53.14797349008697,7.858158894247083,-6.214377982255542,9291,9742,True,True,experiments/runs/replication_cuda,1,7.858158894247083,5.0,2.858158894247083,True
1,skin_tone_steering_independent_seed_replication_v1,fa694f8bb214c219,600021,stepwise_unmasked,-0.75,True,True,images/seed_600021/stepwise_unmasked/alpha_m0p750.png,0.9344346523284911,,0.07051259279251,0.9533609712741901,0.9003856782673141,0.7182034238013041,0.628334369942672,0.29982551173279604,1.000257754729751,True,0.8799862995797291,4,4,[],white_reference_bilateral_cheek_median_cielab_ita_v2,True,,61.00613238433405,73.46565480277671,-12.45952241844266,6.628838998744527,9291,6190,True,True,experiments/runs/replication_cuda,-1,12.45952241844266,5.0,7.45952241844266,False
1,skin_tone_steering_independent_seed_replication_v1,fa694f8bb214c219,600021,stepwise_unmasked,0.5,True,True,images/seed_600021/stepwise_unmasked/alpha_p0p500.png,0.9613232016563411,,0.03502932190895,0.9682789896635831,0.9301282702067001,1.958073518240865,0.459452106965887,0.273801578292716,2.029806750828052,True,0.89762967767553,4,4,[],white_reference_bilateral_cheek_median_cielab_ita_v2,True,,61.00613238433405,47.6628386373944,13.34329374693965,-9.23335109856967,9291,10092,True,True,experiments/runs/replication_cuda,1,13.34329374693965,5.0,8.34329374693965,False
1,skin_tone_steering_independent_seed_replication_v1,fa694f8bb214c219,600022,prompt_only,-2.0,True,True,images/seed_600022/prompt_only/alpha_m2p000.png,0.993213057518005,,0.368042916059494,0.9704825195152341,0.7741732800587091,1.298294372719754,1.360998484958134,1.3911869046928231,2.339505537091741,False,0.6815878880207671,3,4,[],white_reference_bilateral_cheek_median_cielab_ita_v2,True,,60.615867755221046,72.72898672115913,-12.113118965938085,4.70417569984366,13780,17240,True,True,experiments/runs/replication_cuda,-1,12.113118965938085,5.0,7.113118965938085,False
1,skin_tone_steering_independent_seed_replication_v1,fa694f8bb214c219,600022,prompt_only,0.2,True,True,images/seed_600022/prompt_only/alpha_p0p200.png,0.9939058423042291,,0.113015204668045,0.9915002286390101,0.8779452762848491,1.1000120350222151,2.802544649605781,0.132117128464532,3.013592196343331,True,0.8260706058918841,4,4,[],white_reference_bilateral_cheek_median_cielab_ita_v2,True,,60.615867755221046,57.43926537070592,3.176602384515128,0.739137745184962,13780,14235,True,True,experiments/runs/replication_cuda,1,3.176602384515128,5.0,1.823397615484872,True
1,skin_tone_steering_independent_seed_replication_v1,fa694f8bb214c219,600022,stepwise_masked,-0.75,True,True,images/seed_600022/stepwise_masked/alpha_m0p750.png,0.9831331968307491,,0.15397261083126002,0.9798437942479421,0.885892432926587,1.176634744785892,0.135631806232465,0.47752924535713404,1.277066752237563,True,0.8283987195415271,4,4,[],white_reference_bilateral_cheek_median_cielab_ita_v2,True,,60.615867755221046,66.70934991945,-6.093482164228959,4.959748964398813,13780,4166,True,True,experiments/runs/replication_cuda,-1,6.093482164228959,5.0,1.0934821642289592,True
1,skin_tone_steering_independent_seed_replication_v1,fa694f8bb214c219,600022,stepwise_masked,0.5,True,True,images/seed_600022/stepwise_masked/alpha_p0p500.png,0.995759487152099,,0.10147072374820701,0.9823105485693421,0.90328829370563,0.23939041860256702,3.28551854143859,0.04541951286649001,3.294541362739965,True,0.827064974299034,4,4,[],white_reference_bilateral_cheek_median_cielab_ita_v2,True,,60.615867755221046,56.41655695116359,4.199310804057454,-4.545419615770953,13780,15235,True,True,experiments/runs/replication_cuda,1,4.199310804057454,5.0,0.800689195942546,True
1,skin_tone_steering_independent_seed_replication_v1,fa694f8bb214c219,600022,stepwise_unmasked,-0.75,True,True,images/seed_600022/stepwise_unmasked/alpha_m0p750.png,0.986726760864257,,0.207343786954879,0.9809319819799571,0.8570930901546591,0.463017500015636,2.337487524633855,0.823667270861113,2.521241937265726,True,0.754437993258376,4,4,[],white_reference_bilateral_cheek_median_cielab_ita_v2,True,,60.615867755221046,70.66809896227021,-10.05223120704916,6.487447137379192,13780,3304,True,True,experiments/runs/replication_cuda,-1,10.05223120704916,5.0,5.052231207049161,False
1,skin_tone_steering_independent_seed_replication_v1,fa694f8bb214c219,600022,stepwise_unmasked,0.5,True,True,images/seed_600022/stepwise_unmasked/alpha_p0p500.png,0.995521187782287,,0.17053847014904,0.9740620456305141,0.8524830522677691,3.132357264845998,0.023825227070696002,1.404918769353528,3.433078272419711,True,0.763893608224626,4,4,[],white_reference_bilateral_cheek_median_cielab_ita_v2,True,,60.615867755221046,55.31060045017219,5.305267305048858,-5.902681112215674,13780,16101,True,True,experiments/runs/replication_cuda,1,5.305267305048858,5.0,0.3052673050488579,True
1,skin_tone_steering_independent_seed_replication_v1,fa694f8bb214c219,600023,prompt_only,-2.0,True,True,images/seed_600023/prompt_only/alpha_m2p000.png,0.985223114490509,,0.166895568370819,0.9978905580293721,0.8531228091557491,2.000529936114908,1.226838240691529,0.57823248329996,2.416941227845279,True,0.7944281364361361,4,4,[],white_reference_bilateral_cheek_median_cielab_ita_v2,True,,62.534457067521004,73.74689926277534,-11.21244219525434,2.483721491671346,16766,16353,True,True,experiments/runs/replication_cuda,-1,11.21244219525434,5.0,6.21244219525434,False
1,skin_tone_steering_independent_seed_replication_v1,fa694f8bb214c219,600023,prompt_only,0.2,True,True,images/seed_600023/prompt_only/alpha_p0p200.png,0.9562764763832091,,0.244593292474746,0.9976784788050821,0.7927124876524091,0.24275261349076702,2.5034557867983223,0.043495332142400006,2.515573801685966,True,0.716306209573869,4,4,[],white_reference_bilateral_cheek_median_cielab_ita_v2,True,,62.534457067521004,57.293629445035116,5.240827622485888,-3.229798890234661,16766,19833,True,True,experiments/runs/replication_cuda,1,5.240827622485888,5.0,0.24082762248588807,True
1,skin_tone_steering_independent_seed_replication_v1,fa694f8bb214c219,600023,stepwise_masked,-1.0,True,True,images/seed_600023/stepwise_masked/alpha_m1p000.png,0.9914479255676271,,0.08479910343885401,0.998972270825291,0.9204351751111931,0.232421931702797,0.866321410121608,0.034965180026826005,0.8976387379039861,True,0.903429151814205,4,4,[],white_reference_bilateral_cheek_median_cielab_ita_v2,True,,62.534457067521004,60.418242957936855,2.116214109584149,-0.5870089516240851,16766,4068,True,True,experiments/runs/replication_cuda,-1,-2.116214109584149,5.0,7.116214109584149,False
1,skin_tone_steering_independent_seed_replication_v1,fa694f8bb214c219,600023,stepwise_masked,0.5,True,True,images/seed_600023/stepwise_masked/alpha_p0p500.png,0.986643075942993,,0.080286741256713,0.9991835742867381,0.9153516446751181,1.643951227078418,0.223347875604467,1.3518124525722501,2.140060003242681,True,0.874379929255311,4,4,[],white_reference_bilateral_cheek_median_cielab_ita_v2,True,,62.534457067521004,57.66889957543758,4.8655574920834255,-5.862166528249546,16766,26729,True,True,experiments/runs/replication_cuda,1,4.8655574920834255,5.0,0.13444250791657453,True
1,skin_tone_steering_independent_seed_replication_v1,fa694f8bb214c219,600023,stepwise_unmasked,-0.75,True,True,images/seed_600023/stepwise_unmasked/alpha_m0p750.png,0.9908533096313471,,0.09920030087232501,0.9981705057861691,0.9141643464011411,0.486887168489944,1.597240197119232,0.7870760928739171,1.8460022042531021,True,0.8672956450583651,4,4,[],white_reference_bilateral_cheek_median_cielab_ita_v2,True,,62.534457067521004,62.388540680541354,0.145916386979649,-0.143667203183198,16766,6271,True,True,experiments/runs/replication_cuda,-1,-0.145916386979649,5.0,5.145916386979649,False
1,skin_tone_steering_independent_seed_replication_v1,fa694f8bb214c219,600023,stepwise_unmasked,0.5,True,True,images/seed_600023/stepwise_unmasked/alpha_p0p500.png,0.9940800070762631,,0.12837392091751101,0.9977964405594961,0.8765587002411861,2.02680197360354,2.971585521903318,1.559019115939785,3.9203044981294872,True,0.792243232908976,4,4,[],white_reference_bilateral_cheek_median_cielab_ita_v2,True,,62.534457067521004,56.04923395257592,6.485223114945086,-9.68310098712439,16766,27334,True,True,experiments/runs/replication_cuda,1,6.485223114945086,5.0,1.4852231149450859,True
1,skin_tone_steering_independent_seed_replication_v1,fa694f8bb214c219,600024,prompt_only,-2.0,True,True,images/seed_600024/prompt_only/alpha_m2p000.png,0.9830465316772461,,0.19634403288364402,0.938049486899682,0.856515521539938,0.052252048583454,0.897892044526689,0.15678100443662002,0.9129735393523961,True,0.7917104552170411,4,4,[],white_reference_bilateral_cheek_median_cielab_ita_v2,True,,64.05547071261358,68.32339475388082,-4.267924041267236,-1.338529756562451,6150,6370,True,True,experiments/runs/replication_cuda,-1,4.267924041267236,5.0,0.7320759587327643,True
1,skin_tone_steering_independent_seed_replication_v1,fa694f8bb214c219,600024,prompt_only,0.2,True,True,images/seed_600024/prompt_only/alpha_p0p200.png,0.9801786541938781,,0.18450799584388702,0.9280728875407491,0.8427128326233261,1.489582633068022,1.7372516224039591,1.106554459667682,2.5419210043771012,True,0.757280528895224,4,4,[],white_reference_bilateral_cheek_median_cielab_ita_v2,True,,64.05547071261358,59.60243607492053,4.453034637693051,-0.15962419335275502,6150,6351,True,True,experiments/runs/replication_cuda,1,4.453034637693051,5.0,0.546965362306949,True
1,skin_tone_steering_independent_seed_replication_v1,fa694f8bb214c219,600024,stepwise_masked,-1.0,True,True,images/seed_600024/stepwise_masked/alpha_m1p000.png,0.988585889339447,,0.177086308598518,0.9289679072233221,0.8529994779400351,0.729709767147737,0.146359259571532,1.7636950234890612,1.914292953811723,True,0.7825324376307311,4,4,[],white_reference_bilateral_cheek_median_cielab_ita_v2,True,,64.05547071261358,70.15720795528654,-6.101737242672954,3.435377317943121,6150,1668,True,True,experiments/runs/replication_cuda,-1,6.101737242672954,5.0,1.1017372426729537,True
1,skin_tone_steering_independent_seed_replication_v1,fa694f8bb214c219,600024,stepwise_masked,0.375,True,True,images/seed_600024/stepwise_masked/alpha_p0p375.png,0.995221555233001,,0.04899477213621101,0.977597996832651,0.9376260900048771,0.9542650672808061,0.49362477039444,0.42253376034801104,1.154479108175299,True,0.92291662793598,4,4,[],white_reference_bilateral_cheek_median_cielab_ita_v2,True,,64.05547071261358,57.67300654078934,6.382464171824246,-4.305613319237267,6150,7341,True,True,experiments/runs/replication_cuda,1,6.382464171824246,5.0,1.382464171824246,True
1,skin_tone_steering_independent_seed_replication_v1,fa694f8bb214c219,600024,stepwise_unmasked,-0.75,True,True,images/seed_600024/stepwise_unmasked/alpha_m0p750.png,0.9851688742637631,,0.19783592224121002,0.9227318147190111,0.837579290905156,0.9935930880679901,0.361366637271124,1.039747054274106,1.48286446044836,True,0.773186401483112,4,4,[],white_reference_bilateral_cheek_median_cielab_ita_v2,True,,64.05547071261358,70.54247825769518,-6.487007545081596,2.9850078802654703,6150,2769,True,True,experiments/runs/replication_cuda,-1,6.487007545081596,5.0,1.487007545081596,True
1,skin_tone_steering_independent_seed_replication_v1,fa694f8bb214c219,600024,stepwise_unmasked,0.5,True,True,images/seed_600024/stepwise_unmasked/alpha_p0p500.png,0.9911397695541381,,0.09306240081787101,0.9592840947565341,0.8944320915732641,0.8440799354046861,0.6901140893098101,0.364253887745004,1.149525679727964,True,0.8802082945971771,4,4,[],white_reference_bilateral_cheek_median_cielab_ita_v2,True,,64.05547071261358,55.38755345404066,8.66791725857292,-5.528270021611917,6150,7576,True,True,experiments/runs/replication_cuda,1,8.66791725857292,5.0,3.6679172585729205,False
1,skin_tone_steering_independent_seed_replication_v1,fa694f8bb214c219,600025,prompt_only,-2.0,True,True,images/seed_600025/prompt_only/alpha_m2p000.png,0.9462447762489311,,0.306307524442672,0.986398422937598,0.7646378668892501,4.899206415713655,0.8530268976092961,4.858514113255845,6.952340453438756,False,0.601441396827749,2,4,[],white_reference_bilateral_cheek_median_cielab_ita_v2,True,,61.940996898079085,72.36637098385958,-10.425374085780497,3.843830937301177,22499,21983,True,True,experiments/runs/replication_cuda,-1,10.425374085780497,5.0,5.425374085780497,False
1,skin_tone_steering_independent_seed_replication_v1,fa694f8bb214c219,600025,prompt_only,0.2,True,True,images/seed_600025/prompt_only/alpha_p0p200.png,0.9830373525619501,,0.31343144178390503,0.9844727493652241,0.7563237558978431,1.026984572654386,0.19725460981049603,2.841322168499406,3.027658890754995,False,0.6640657222831621,3,4,[],white_reference_bilateral_cheek_median_cielab_ita_v2,True,,61.940996898079085,60.393258993152045,1.547737904927039,1.375664372494924,22499,20828,True,True,experiments/runs/replication_cuda,1,1.547737904927039,5.0,3.4522620950729612,False
1,skin_tone_steering_independent_seed_replication_v1,fa694f8bb214c219,600025,stepwise_masked,-0.75,True,True,images/seed_600025/stepwise_masked/alpha_m0p750.png,0.964285016059875,,0.13656213879585202,0.9957726150429761,0.851087702931261,1.436955423642013,2.845831684400398,0.41254050429222905,3.214621055918269,True,0.7913827260553631,4,4,[],white_reference_bilateral_cheek_median_cielab_ita_v2,True,,61.940996898079085,67.04400083014922,-5.103003932070131,5.782393861242667,22499,16163,True,True,experiments/runs/replication_cuda,-1,5.103003932070131,5.0,0.10300393207013059,True
1,skin_tone_steering_independent_seed_replication_v1,fa694f8bb214c219,600025,stepwise_masked,0.5,True,True,images/seed_600025/stepwise_masked/alpha_p0p500.png,0.892582535743713,,0.26242667436599704,0.985049641831476,0.7820436285329171,5.379420412846242,3.3417357525965192,1.344664982325555,6.474062537002655,False,0.6122919660567641,3,4,[],white_reference_bilateral_cheek_median_cielab_ita_v2,True,,61.940996898079085,56.2570867863923,5.683910111686785,-3.450055403216311,22499,17930,True,True,experiments/runs/replication_cuda,1,5.683910111686785,5.0,0.6839101116867852,True
1,skin_tone_steering_independent_seed_replication_v1,fa694f8bb214c219,600025,stepwise_unmasked,-0.75,True,True,images/seed_600025/stepwise_unmasked/alpha_m0p750.png,0.937024652957916,,0.31963312625885004,0.985530950322516,0.759265547655366,3.280453919815128,3.8135492733422183,0.004994475187466,5.030363895884849,False,0.597766982439847,2,4,[],white_reference_bilateral_cheek_median_cielab_ita_v2,True,,61.940996898079085,72.4439429115124,-10.50294601343331,7.512210198396161,22499,14589,True,True,experiments/runs/replication_cuda,-1,10.50294601343331,5.0,5.502946013433309,False
1,skin_tone_steering_independent_seed_replication_v1,fa694f8bb214c219,600025,stepwise_unmasked,0.5,True,True,images/seed_600025/stepwise_unmasked/alpha_p0p500.png,0.895614981651306,,0.277062207460403,0.9837868146283351,0.7711330399944991,5.175786318167402,4.503706796752883,2.424645417971111,7.276746822951538,False,0.600917148892654,3,4,[],white_reference_bilateral_cheek_median_cielab_ita_v2,True,,61.940996898079085,55.108841449805205,6.83215544827388,-4.024840802264819,22499,17847,True,True,experiments/runs/replication_cuda,1,6.83215544827388,5.0,1.8321554482738804,True
1,skin_tone_steering_independent_seed_replication_v1,fa694f8bb214c219,600026,prompt_only,-2.0,True,True,images/seed_600026/prompt_only/alpha_m2p000.png,0.986258029937744,,0.48943662643432606,0.8867720081430991,0.6945692261506611,3.170923036942667,3.399210228318732,5.147618972347304,6.9359472436712135,False,0.5915397632624291,2,4,[],white_reference_bilateral_cheek_median_cielab_ita_v2,True,,54.79060497537913,72.50748523827264,-17.716880262893504,11.179770943984266,13518,12129,True,True,experiments/runs/replication_cuda,-1,17.716880262893504,5.0,12.716880262893504,False
1,skin_tone_steering_independent_seed_replication_v1,fa694f8bb214c219,600026,prompt_only,0.2,True,True,images/seed_600026/prompt_only/alpha_p0p200.png,0.9851241111755371,,0.253818988800048,0.922601931220244,0.774342617585128,3.754764854540629,1.212315795084893,3.019943885117361,4.968705039460843,True,0.6393385745093251,4,4,[],white_reference_bilateral_cheek_median_cielab_ita_v2,True,,54.79060497537913,54.11508462958181,0.675520345797323,2.887934478448727,13518,15596,True,True,experiments/runs/replication_cuda,1,0.675520345797323,5.0,4.324479654202677,False
1,skin_tone_steering_independent_seed_replication_v1,fa694f8bb214c219,600026,stepwise_masked,-0.75,True,True,images/seed_600026/stepwise_masked/alpha_m0p750.png,0.95671659708023,,0.17841696739196702,0.941766043931446,0.8222462469521771,0.45753402003124005,2.876042596367902,2.07504901765264,3.5758616893372372,True,0.7311328864945441,4,4,[],white_reference_bilateral_cheek_median_cielab_ita_v2,True,,54.79060497537913,68.16303256109454,-13.372427585715407,12.644930691874777,13518,10416,True,True,experiments/runs/replication_cuda,-1,13.372427585715407,5.0,8.372427585715407,False
1,skin_tone_steering_independent_seed_replication_v1,fa694f8bb214c219,600026,stepwise_masked,0.375,True,True,images/seed_600026/stepwise_masked/alpha_p0p375.png,0.9850327372550961,,0.070413447916507,0.950606134500766,0.88037905199493,1.368641514327535,1.865945338434171,0.083145919515346,2.315565772051624,True,0.8654717925308051,4,4,[],white_reference_bilateral_cheek_median_cielab_ita_v2,True,,54.79060497537913,42.06352178244127,12.727083192937862,-9.94635161794136,13518,12262,True,True,experiments/runs/replication_cuda,1,12.727083192937862,5.0,7.727083192937862,False
1,skin_tone_steering_independent_seed_replication_v1,fa694f8bb214c219,600026,stepwise_unmasked,-0.75,True,True,images/seed_600026/stepwise_unmasked/alpha_m0p750.png,0.993276596069335,,0.35155057907104403,0.91184317128932,0.7513903791698671,3.328102348680094,4.656978281570506,4.87320379669338,7.517434881820801,False,0.600439516348331,2,4,[],white_reference_bilateral_cheek_median_cielab_ita_v2,True,,54.79060497537913,70.01177435562775,-15.221169380248618,12.954280138226395,13518,10672,True,True,experiments/runs/replication_cuda,-1,15.221169380248618,5.0,10.221169380248618,False
1,skin_tone_steering_independent_seed_replication_v1,fa694f8bb214c219,600026,stepwise_unmasked,0.5,True,True,images/seed_600026/stepwise_unmasked/alpha_p0p500.png,0.9824750423431391,,0.130506709218025,0.9310724909807301,0.825844540209658,2.066737908538542,0.6355387098305161,0.13723206879885302,2.16659818032558,True,0.8132757181006991,4,4,[],white_reference_bilateral_cheek_median_cielab_ita_v2,True,,54.79060497537913,36.12783595330872,18.662769022070414,-13.270730255997648,13518,11694,True,True,experiments/runs/replication_cuda,1,18.662769022070414,5.0,13.662769022070414,False
1,skin_tone_steering_independent_seed_replication_v1,fa694f8bb214c219,600027,prompt_only,-2.0,True,True,images/seed_600027/prompt_only/alpha_m2p000.png,0.967691838741302,,0.444481194019317,0.8627548803169851,0.7216912004006121,1.353839210872279,1.215737923693707,2.7763664605971012,3.319504485842855,False,0.620585547461163,3,4,[],white_reference_bilateral_cheek_median_cielab_ita_v2,True,,56.77279545642421,71.25340226501793,-14.480606808593713,8.311785876394353,10486,11113,True,True,experiments/runs/replication_cuda,-1,14.480606808593713,5.0,9.480606808593713,False
1,skin_tone_steering_independent_seed_replication_v1,fa694f8bb214c219,600027,prompt_only,0.2,True,True,images/seed_600027/prompt_only/alpha_p0p200.png,0.9734009504318231,,0.10062719136476501,0.9281191303106321,0.8786908921270971,1.530669219765116,1.702031437163306,0.42139855284985406,2.32753861703141,True,0.8300106807598351,4,4,[],white_reference_bilateral_cheek_median_cielab_ita_v2,True,,56.77279545642421,54.504037699343876,2.268757757080337,0.7528605901609211,10486,11204,True,True,experiments/runs/replication_cuda,1,2.268757757080337,5.0,2.731242242919663,True
1,skin_tone_steering_independent_seed_replication_v1,fa694f8bb214c219,600027,stepwise_masked,-0.75,True,True,images/seed_600027/stepwise_masked/alpha_m0p750.png,0.938444972038269,,0.120978847146034,0.9261267688406261,0.870013487626182,0.337488389578442,0.759874538401704,0.20273177619981503,0.855808331516225,True,0.8362376424815731,4,4,[],white_reference_bilateral_cheek_median_cielab_ita_v2,True,,56.77279545642421,66.10023969961053,-9.327444243186314,7.6431504911069235,10486,7762,True,True,experiments/runs/replication_cuda,-1,9.327444243186314,5.0,4.327444243186314,False
1,skin_tone_steering_independent_seed_replication_v1,fa694f8bb214c219,600027,stepwise_masked,0.375,True,True,images/seed_600027/stepwise_masked/alpha_p0p375.png,0.9911972284317011,,0.072994112968444,0.9400716541910161,0.9053791939453241,1.012553876876579,0.45927001873664103,0.28049291015530103,1.146678061330004,True,0.8922214952026881,4,4,[],white_reference_bilateral_cheek_median_cielab_ita_v2,True,,56.77279545642421,50.80650748640053,5.966287970023686,-4.635949903598686,10486,10572,True,True,experiments/runs/replication_cuda,1,5.966287970023686,5.0,0.9662879700236857,True
1,skin_tone_steering_independent_seed_replication_v1,fa694f8bb214c219,600027,stepwise_unmasked,-0.75,True,True,images/seed_600027/stepwise_unmasked/alpha_m0p750.png,0.9525604248046871,,0.123309612274169,0.9271963830694471,0.8599922964066931,0.755027115212745,1.795973504840256,0.026080805954744,1.948401135093573,True,0.812541216463305,4,4,[],white_reference_bilateral_cheek_median_cielab_ita_v2,True,,56.77279545642421,69.47456167168482,-12.701766215260612,8.386203264693307,10486,8101,True,True,experiments/runs/replication_cuda,-1,12.701766215260612,5.0,7.701766215260612,False
1,skin_tone_steering_independent_seed_replication_v1,fa694f8bb214c219,600027,stepwise_unmasked,0.5,True,True,images/seed_600027/stepwise_unmasked/alpha_p0p500.png,0.9727544784545891,,0.133939936757087,0.9040645639926461,0.840072650923363,0.9187112433776781,0.674510950460501,0.5076158743057441,1.247665518817793,True,0.8229908184839481,4,4,[],white_reference_bilateral_cheek_median_cielab_ita_v2,True,,56.77279545642421,47.13543138562065,9.637364070803564,-6.987442817459211,10486,10244,True,True,experiments/runs/replication_cuda,1,9.637364070803564,5.0,4.637364070803564,False
1,skin_tone_steering_independent_seed_replication_v1,fa694f8bb214c219,600028,prompt_only,-2.0,True,True,images/seed_600028/prompt_only/alpha_m2p000.png,0.9698287844657891,,0.346658408641815,0.9775566803794631,0.7614572673716291,1.6261015165824801,2.980484624019572,1.004014181230756,3.54055634220971,False,0.644561055714294,3,4,[],white_reference_bilateral_cheek_median_cielab_ita_v2,True,,59.999586871481625,71.1122921482354,-11.112705276753772,6.125514996902041,15477,15989,True,True,experiments/runs/replication_cuda,-1,11.112705276753772,5.0,6.112705276753772,False
1,skin_tone_steering_independent_seed_replication_v1,fa694f8bb214c219,600028,prompt_only,0.2,True,True,images/seed_600028/prompt_only/alpha_p0p200.png,0.9929378032684321,,0.129212915897369,0.9927206163994071,0.8552957220115841,1.529293610964904,0.546840339427737,0.9328753307438461,1.872973488353201,True,0.8410300632022091,4,4,[],white_reference_bilateral_cheek_median_cielab_ita_v2,True,,59.999586871481625,56.44666373583057,3.552923135651056,0.89972182012913,15477,16157,True,True,experiments/runs/replication_cuda,1,3.552923135651056,5.0,1.447076864348944,True
1,skin_tone_steering_independent_seed_replication_v1,fa694f8bb214c219,600028,stepwise_masked,-1.0,True,True,images/seed_600028/stepwise_masked/alpha_m1p000.png,0.981072425842285,,0.11992657929658801,0.993080782371293,0.8647616849211941,1.595084953873483,2.252655026022161,0.32939692760127504,2.779793699584492,True,0.821738696713577,4,4,[],white_reference_bilateral_cheek_median_cielab_ita_v2,True,,59.999586871481625,62.01022984988003,-2.010642978398401,4.950321337087189,15477,6237,True,True,experiments/runs/replication_cuda,-1,2.010642978398401,5.0,2.989357021601599,True
1,skin_tone_steering_independent_seed_replication_v1,fa694f8bb214c219,600028,stepwise_masked,0.5,True,True,images/seed_600028/stepwise_masked/alpha_p0p500.png,0.9862558841705321,,0.10119441896677,0.9923733033789651,0.8648069377676171,2.148844224569449,0.6537108918820661,1.317942308352285,2.604196874235064,True,0.843505678080505,4,4,[],white_reference_bilateral_cheek_median_cielab_ita_v2,True,,59.999586871481625,53.98260096151099,6.016985909970636,-8.316732122047611,15477,18659,True,True,experiments/runs/replication_cuda,1,6.016985909970636,5.0,1.0169859099706358,True
1,skin_tone_steering_independent_seed_replication_v1,fa694f8bb214c219,600028,stepwise_unmasked,-0.75,True,True,images/seed_600028/stepwise_unmasked/alpha_m0p750.png,0.984789848327636,,0.129008904099464,0.99105491003597,0.8559397262042391,1.866424168278592,2.8990163233372113,0.6429255862357911,3.507304966544351,True,0.7968698763853601,4,4,[],white_reference_bilateral_cheek_median_cielab_ita_v2,True,,59.999586871481625,63.72344684106675,-3.723859969585127,4.950321337087189,15477,9506,True,True,experiments/runs/replication_cuda,-1,3.723859969585127,5.0,1.2761400304148731,True
1,skin_tone_steering_independent_seed_replication_v1,fa694f8bb214c219,600028,stepwise_unmasked,0.5,True,True,images/seed_600028/stepwise_unmasked/alpha_p0p500.png,0.9730666875839231,,0.11752645671367601,0.9896051496450751,0.846973732831639,1.52082373945139,1.136395290108069,0.050581240422208004,1.899172863048902,True,0.841883259750953,4,4,[],white_reference_bilateral_cheek_median_cielab_ita_v2,True,,59.999586871481625,49.650912603134806,10.34867426834682,-10.85068923315849,15477,19850,True,True,experiments/runs/replication_cuda,1,10.34867426834682,5.0,5.348674268346819,False
1,skin_tone_steering_independent_seed_replication_v1,fa694f8bb214c219,600029,prompt_only,-2.0,True,True,images/seed_600029/prompt_only/alpha_m2p000.png,0.9653940200805661,,0.447588413953781,0.8367691308341081,0.74354085468427,5.558916594179974,2.05050108063552,0.330398717052921,5.934245671942403,False,0.571215040238739,2,4,[],white_reference_bilateral_cheek_median_cielab_ita_v2,True,,59.99518802396122,74.95224023483985,-14.95705221087863,8.212669173489147,5715,8002,True,True,experiments/runs/replication_cuda,-1,14.95705221087863,5.0,9.95705221087863,False
1,skin_tone_steering_independent_seed_replication_v1,fa694f8bb214c219,600029,prompt_only,0.2,True,True,images/seed_600029/prompt_only/alpha_p0p200.png,0.9822882413864131,,0.30076354742050104,0.8443548339726281,0.7757805379208751,6.549195601147309,2.203484833536152,2.513104644224926,7.3527548161580905,False,0.5794467990130621,2,4,[],white_reference_bilateral_cheek_median_cielab_ita_v2,True,,59.99518802396122,54.38235604871296,5.612831975248262,0.8504677132488041,5715,5445,True,True,experiments/runs/replication_cuda,1,5.612831975248262,5.0,0.6128319752482616,True
1,skin_tone_steering_independent_seed_replication_v1,fa694f8bb214c219,600029,stepwise_masked,-0.75,True,True,images/seed_600029/stepwise_masked/alpha_m0p750.png,0.9800022840499871,,0.245597630739212,0.871193001005351,0.8294301254372141,2.666407727826093,2.233472463866813,0.44180601190017105,3.506183390813027,True,0.667979829717081,4,4,[],white_reference_bilateral_cheek_median_cielab_ita_v2,True,,59.99518802396122,65.33145550405628,-5.33626748009506,4.750443264441685,5715,5138,True,True,experiments/runs/replication_cuda,-1,5.33626748009506,5.0,0.33626748009506,True
1,skin_tone_steering_independent_seed_replication_v1,fa694f8bb214c219,600029,stepwise_masked,0.375,True,True,images/seed_600029/stepwise_masked/alpha_p0p375.png,0.974369525909423,,0.32041561603546104,0.8391309481412381,0.7611255843799091,7.92762482920396,2.544341214097155,0.9588049896046921,8.380943542015741,False,0.5751713092513431,2,4,[],white_reference_bilateral_cheek_median_cielab_ita_v2,True,,59.99518802396122,51.66367843451028,8.331509589450938,-4.755958401392064,5715,6566,True,True,experiments/runs/replication_cuda,1,8.331509589450938,5.0,3.3315095894509383,False
1,skin_tone_steering_independent_seed_replication_v1,fa694f8bb214c219,600029,stepwise_unmasked,-0.75,True,True,images/seed_600029/stepwise_unmasked/alpha_m0p750.png,0.935199618339538,,0.276842385530471,0.8706334225734451,0.8176734994263861,3.095418627692816,1.89493397121691,0.24156002417337502,3.6374087591605933,True,0.6217210055996131,4,4,[],white_reference_bilateral_cheek_median_cielab_ita_v2,True,,59.99518802396122,69.28317187058512,-9.287983846623902,6.399134183905858,5715,5360,True,True,experiments/runs/replication_cuda,-1,9.287983846623902,5.0,4.287983846623902,False
1,skin_tone_steering_independent_seed_replication_v1,fa694f8bb214c219,600029,stepwise_unmasked,0.5,True,True,images/seed_600029/stepwise_unmasked/alpha_p0p500.png,0.972383379936218,,0.396270602941513,0.808104129047153,0.7127365768957861,8.407913104148971,0.8443675999259501,2.83259231990165,8.912325098507713,False,0.56666979973787,2,4,[],white_reference_bilateral_cheek_median_cielab_ita_v2,True,,59.99518802396122,43.66437815542667,16.33080986853455,-9.99535460237422,5715,7914,True,True,experiments/runs/replication_cuda,1,16.33080986853455,5.0,11.330809868534551,False
